Date,Equity
2018-01-02,10000.0
2018-01-03,10000.0
2018-01-04,10000.0
2018-01-05,10000.0
2018-01-08,10000.0
2018-01-09,10000.0
2018-01-10,10000.0
2018-01-11,10000.0
2018-01-12,10000.0
2018-01-16,10000.0
2018-01-17,10000.0
2018-01-18,10000.0
2018-01-19,10000.0
2018-01-22,10000.0
2018-01-23,10000.0
2018-01-24,10000.0
2018-01-25,10000.0
2018-01-26,10000.0
2018-01-29,10000.0
2018-01-30,10000.0
2018-01-31,10000.0
2018-02-01,10000.0
2018-02-02,10035.0
2018-02-05,10070.1225
2018-02-06,10140.6133575
2018-02-07,10140.6133575
2018-02-08,10140.6133575
2018-02-09,10176.10550425125
2018-02-12,10211.72187351613
2018-02-13,10247.462900073437
2018-02-14,10247.462900073437
2018-02-15,10247.462900073437
2018-02-16,10247.462900073437
2018-02-20,10247.462900073437
2018-02-21,10247.462900073437
2018-02-22,10232.091705723327
2018-02-23,10232.091705723327
2018-02-26,10232.091705723327
2018-02-27,10232.091705723327
2018-02-28,10232.091705723327
2018-03-01,10216.743568164742
2018-03-02,10186.093337460248
2018-03-05,10186.093337460248
2018-03-06,10170.814197454058
2018-03-07,10170.814197454058
2018-03-08,10170.814197454058
2018-03-09,10170.814197454058
2018-03-12,10168.373167438162
2018-03-13,10168.373167438162
2018-03-14,10168.373167438162
2018-03-15,10168.373167438162
2018-03-16,10168.373167438162
2018-03-19,10168.373167438162
2018-03-20,10168.373167438162
2018-03-21,10168.373167438162
2018-03-22,10168.373167438162
2018-03-23,10168.373167438162
2018-03-26,10168.373167438162
2018-03-27,10203.962473524196
2018-03-28,10203.962473524196
2018-03-29,10188.65652981391
2018-04-02,10295.637423376957
2018-04-03,10331.672154358776
2018-04-04,10331.672154358776
2018-04-05,10331.672154358776
2018-04-06,10367.83300689903
2018-04-09,10404.120422423177
2018-04-10,10404.120422423177
2018-04-11,10404.120422423177
2018-04-12,10440.534843901658
2018-04-13,10477.076715855314
2018-04-16,10513.746484360807
2018-04-17,10513.746484360807
2018-04-18,10513.746484360807
2018-04-19,10513.746484360807
2018-04-20,10513.746484360807
2018-04-23,10513.746484360807
2018-04-24,10550.54459705607
2018-04-25,10550.54459705607
2018-04-26,10550.54459705607
2018-04-27,10550.54459705607
2018-04-30,10550.54459705607
2018-05-01,10550.54459705607
2018-05-02,10587.471503145767
2018-05-03,10587.471503145767
2018-05-04,10587.471503145767
2018-05-07,10657.8990445306
2018-05-08,10679.214842619662
2018-05-09,10749.608912582251
2018-05-10,10771.108130407414
2018-05-11,10785.33646846314
2018-05-14,10795.160044714232
2018-05-15,10832.943104870732
2018-05-16,10848.536649567788
2018-05-17,10847.230046848019
2018-05-18,10859.860562817468
2018-05-21,10859.860562817468
2018-05-22,10897.87007478733
2018-05-23,10936.012620049085
2018-05-24,10919.608601119011
2018-05-25,10919.608601119011
2018-05-29,10919.608601119011
2018-05-30,11003.340430713919
2018-05-31,11003.340430713919
2018-06-01,11251.069541834737
2018-06-04,11234.192937521984
2018-06-05,11217.341648115702
2018-06-06,11217.341648115702
2018-06-07,11208.263493552042
2018-06-08,11208.263493552042
2018-06-11,11208.263493552042
2018-06-12,11191.451098311714
2018-06-13,11174.663921664247
2018-06-14,11203.413809265781
2018-06-15,11186.608688551883
2018-06-18,11186.608688551883
2018-06-19,11087.810370057718
2018-06-20,11071.178654502632
2018-06-21,11054.571886520878
2018-06-22,11037.990028691096
2018-06-25,11021.43304364806
2018-06-26,10988.368744517116
2018-06-27,11026.828035122926
2018-06-28,11065.421933245856
2018-06-29,11104.150910012217
2018-07-02,11104.150910012217
2018-07-03,11100.81145588902
2018-07-05,11100.81145588902
2018-07-06,11100.81145588902
2018-07-09,11100.81145588902
2018-07-10,11100.81145588902
2018-07-11,11100.81145588902
2018-07-12,11100.81145588902
2018-07-13,11100.81145588902
2018-07-16,11100.81145588902
2018-07-17,11186.837711371136
2018-07-18,11186.837711371136
2018-07-19,11186.837711371136
2018-07-20,11186.837711371136
2018-07-23,11186.837711371136
2018-07-24,11186.837711371136
2018-07-25,11186.837711371136
2018-07-26,11186.837711371136
2018-07-27,11170.057454804079
2018-07-30,11153.302368621873
2018-07-31,11153.302368621873
2018-08-01,11192.338926912049
2018-08-02,11192.338926912049
2018-08-03,11192.338926912049
2018-08-06,11231.512113156241
2018-08-07,11231.512113156241
2018-08-08,11231.512113156241
2018-08-09,11214.664844986506
2018-08-10,11181.020850451547
2018-08-13,11270.908676881854
2018-08-14,11270.908676881854
2018-08-15,11303.937888712597
2018-08-16,11303.937888712597
2018-08-17,11286.981981879528
2018-08-20,11326.486418816106
2018-08-21,11326.486418816106
2018-08-22,11366.129121281963
2018-08-23,11405.91057320645
2018-08-24,11405.91057320645
2018-08-27,11405.91057320645
2018-08-28,11388.801707346642
2018-08-29,11447.571486395243
2018-08-30,11447.571486395243
2018-08-31,11447.571486395243
2018-09-04,11447.571486395243
2018-09-05,11447.571486395243
2018-09-06,11447.571486395243
2018-09-07,11447.571486395243
2018-09-10,11447.571486395243
2018-09-11,11447.571486395243
2018-09-12,11447.571486395243
2018-09-13,11447.571486395243
2018-09-14,11447.571486395243
2018-09-17,11447.571486395243
2018-09-18,11430.400129165651
2018-09-19,11430.400129165651
2018-09-20,11470.40652961773
2018-09-21,11470.40652961773
2018-09-24,11470.40652961773
2018-09-25,11427.965040145526
2018-09-26,11394.251004405944
2018-09-27,11394.251004405944
2018-09-28,11394.251004405944
2018-10-01,11377.159627899335
2018-10-02,11377.159627899335
2018-10-03,11377.159627899335
2018-10-04,11416.979686596982
2018-10-05,11456.939115500072
2018-10-08,11456.939115500072
2018-10-09,11456.939115500072
2018-10-10,11439.753706826823
2018-10-11,11439.753706826823
2018-10-12,11439.753706826823
2018-10-15,11479.792844800717
2018-10-16,11479.792844800717
2018-10-17,11479.792844800717
2018-10-18,11479.792844800717
2018-10-19,11479.792844800717
2018-10-22,11519.97211975752
2018-10-23,11543.012063997034
2018-10-24,11583.412606221023
2018-10-25,11583.412606221023
2018-10-26,11566.037487311693
2018-10-29,11606.518618517284
2018-10-30,11647.141433682094
2018-10-31,11629.670721531571
2018-11-01,11652.930062974634
2018-11-02,11676.235923100583
2018-11-05,11699.588394946784
2018-11-06,11781.485513711412
2018-11-07,11822.720713009401
2018-11-08,11864.100235504935
2018-11-09,11864.100235504935
2018-11-12,11905.624586329202
2018-11-13,11905.624586329202
2018-11-14,11905.624586329202
2018-11-15,11947.294272381354
2018-11-16,11947.294272381354
2018-11-19,11929.373330972781
2018-11-20,11929.373330972781
2018-11-21,11872.804742890396
2018-11-23,11854.995535776061
2018-11-26,11854.995535776061
2018-11-27,11854.995535776061
2018-11-28,11873.881210023663
2018-11-29,11873.881210023663
2018-11-30,11915.439794258746
2018-12-03,12040.551912098465
2018-12-04,12046.572188054512
2018-12-06,12070.66533243062
2018-12-07,12070.66533243062
2018-12-10,12076.700665096836
2018-12-11,12100.85406642703
2018-12-12,12167.408763792379
2018-12-13,12209.994694465651
2018-12-14,12209.994694465651
2018-12-17,12191.679702423953
2018-12-18,12234.350581382438
2018-12-19,12234.350581382438
2018-12-20,12258.819282545202
2018-12-21,12258.819282545202
2018-12-24,12258.819282545202
2018-12-26,12258.819282545202
2018-12-27,12258.819282545202
2018-12-28,12258.819282545202
2018-12-31,12301.72515003411
2019-01-02,12541.608790459773
2019-01-03,12673.295682759599
2019-01-04,12850.721822318235
2019-01-07,12850.721822318235
2019-01-08,12831.445739584758
2019-01-09,12876.355799673305
2019-01-10,12902.108511272652
2019-01-11,12863.402185738834
2019-01-14,12844.107082460227
2019-01-15,12824.840921836536
2019-01-16,12865.635174835546
2019-01-17,12846.336722073293
2019-01-18,12769.258701740853
2019-01-22,12711.79703758302
2019-01-23,12800.779616846099
2019-01-24,12781.57844742083
2019-01-25,12749.624501302276
2019-01-28,12908.413827457804
2019-01-29,13108.341557670883
2019-01-30,13134.558240786224
2019-01-31,13141.125519906618
2019-02-01,13141.125519906618
2019-02-04,13141.125519906618
2019-02-05,13141.125519906618
2019-02-06,13264.366603659177
2019-02-07,13264.366603659177
2019-02-08,13287.484482528185
2019-02-11,13280.514863944949
2019-02-12,13265.145865122842
2019-02-13,13265.145865122842
2019-02-14,13265.145865122842
2019-02-15,13265.145865122842
2019-02-19,13265.145865122842
2019-02-20,13265.145865122842
2019-02-21,13265.145865122842
2019-02-22,13265.145865122842
2019-02-25,13265.145865122842
2019-02-26,13265.145865122842
2019-02-27,13265.145865122842
2019-02-28,13265.145865122842
2019-03-01,13265.145865122842
2019-03-04,13245.248146325157
2019-03-05,13245.248146325157
2019-03-06,13245.248146325157
2019-03-07,13245.248146325157
2019-03-08,13225.38027410567
2019-03-11,13225.38027410567
2019-03-12,13271.669105065039
2019-03-13,13298.212443275168
2019-03-14,13258.317805945344
2019-03-15,13258.317805945344
2019-03-18,13258.317805945344
2019-03-19,13238.430329236426
2019-03-20,13238.430329236426
2019-03-21,13284.764835388753
2019-03-22,13284.764835388753
2019-03-25,13284.764835388753
2019-03-26,13284.764835388753
2019-03-27,13331.261512312612
2019-03-28,13331.261512312612
2019-03-29,13331.261512312612
2019-04-01,13331.261512312612
2019-04-02,13331.261512312612
2019-04-03,13377.920927605706
2019-04-04,13377.920927605706
2019-04-05,13377.920927605706
2019-04-08,13377.920927605706
2019-04-09,13377.920927605706
2019-04-10,13377.920927605706
2019-04-11,13377.920927605706
2019-04-12,13377.920927605706
2019-04-15,13377.920927605706
2019-04-16,13377.920927605706
2019-04-17,13377.920927605706
2019-04-18,13377.920927605706
2019-04-22,13424.743650852326
2019-04-23,13418.054690388522
2019-04-24,13418.054690388522
2019-04-25,13397.92760835294
2019-04-26,13377.83071694041
2019-04-29,13337.69722478959
2019-04-30,13337.69722478959
2019-05-01,13317.690678952406
2019-05-02,13277.737606915549
2019-05-03,13214.192651684036
2019-05-06,13240.621036987404
2019-05-07,13228.149448434264
2019-05-08,13142.548214458264
2019-05-09,13234.54605195947
2019-05-10,13261.015144063389
2019-05-13,13261.015144063389
2019-05-14,13261.015144063389
2019-05-15,13261.015144063389
2019-05-16,13261.015144063389
2019-05-17,13046.795501401863
2019-05-20,13046.795501401863
2019-05-21,13138.123069911675
2019-05-22,13184.106500656366
2019-05-23,13184.106500656366
2019-05-24,13184.106500656366
2019-05-28,13184.106500656366
2019-05-29,13184.106500656366
2019-05-30,13105.996134694538
2019-05-31,13086.337140492496
2019-06-03,13269.545860459393
2019-06-04,13342.528362691919
2019-06-05,13395.898476142687
2019-06-06,13422.690273094973
2019-06-07,13382.422202275688
2019-06-10,13429.260679983652
2019-06-11,13523.265504743538
2019-06-12,13597.643465019626
2019-06-13,13692.826969274764
2019-06-14,13692.826969274764
2019-06-17,13692.826969274764
2019-06-18,13692.826969274764
2019-06-19,13692.826969274764
2019-06-20,13692.826969274764
2019-06-21,13692.826969274764
2019-06-24,13692.826969274764
2019-06-25,13692.826969274764
2019-06-26,13672.287728820851
2019-06-27,13651.77929722762
2019-06-28,13631.301628281779
2019-07-01,13631.301628281779
2019-07-02,13631.301628281779
2019-07-03,13631.301628281779
2019-07-05,13631.301628281779
2019-07-08,13631.301628281779
2019-07-09,13631.301628281779
2019-07-10,13631.301628281779
2019-07-11,13627.844476558566
2019-07-12,13627.844476558566
2019-07-15,13627.844476558566
2019-07-16,13607.40270984373
2019-07-17,13607.40270984373
2019-07-18,13607.40270984373
2019-07-19,13607.40270984373
2019-07-22,13607.40270984373
2019-07-23,13586.991605778963
2019-07-24,13634.54607639919
2019-07-25,13682.266987666588
2019-07-26,13730.15492212342
2019-07-29,13730.15492212342
2019-07-30,13730.15492212342
2019-07-31,13778.210464350852
2019-08-01,13778.210464350852
2019-08-02,13778.210464350852
2019-08-05,13778.210464350852
2019-08-06,13778.210464350852
2019-08-07,13778.210464350852
2019-08-08,13826.43420097608
2019-08-09,13826.43420097608
2019-08-12,13826.43420097608
2019-08-13,13826.43420097608
2019-08-14,13826.43420097608
2019-08-15,13826.43420097608
2019-08-16,13826.43420097608
2019-08-19,13826.43420097608
2019-08-20,13826.43420097608
2019-08-21,13826.43420097608
2019-08-22,13874.826720679497
2019-08-23,13874.826720679497
2019-08-26,13874.826720679497
2019-08-27,13874.826720679497
2019-08-28,13874.826720679497
2019-08-29,13874.826720679497
2019-08-30,13874.826720679497
2019-09-03,13874.826720679497
2019-09-04,13874.826720679497
2019-09-05,13874.826720679497
2019-09-06,13923.388614201875
2019-09-09,13923.388614201875
2019-09-10,13923.388614201875
2019-09-11,13972.120474351581
2019-09-12,13972.120474351581
2019-09-13,13972.120474351581
2019-09-16,14021.022896011811
2019-09-17,14021.022896011811
2019-09-18,14021.022896011811
2019-09-19,14021.022896011811
2019-09-20,14021.022896011811
2019-09-23,14070.096476147852
2019-09-24,14070.096476147852
2019-09-25,14070.096476147852
2019-09-26,14070.096476147852
2019-09-27,14070.096476147852
2019-09-30,14119.34181381437
2019-10-01,14055.804775652203
2019-10-02,14055.804775652203
2019-10-03,14055.804775652203
2019-10-04,14034.721068488725
2019-10-07,14013.668986885992
2019-10-08,14111.764669794195
2019-10-09,14161.155846138474
2019-10-10,14210.719891599958
2019-10-11,14210.719891599958
2019-10-14,14210.719891599958
2019-10-15,14210.719891599958
2019-10-16,14262.143106469235
2019-10-17,14240.749891809532
2019-10-18,14240.749891809532
2019-10-21,14290.682786145511
2019-10-22,14340.70017589702
2019-10-23,14340.70017589702
2019-10-24,14340.70017589702
2019-10-25,14390.89262651266
2019-10-28,14390.89262651266
2019-10-29,14390.89262651266
2019-10-30,14390.89262651266
2019-10-31,14390.89262651266
2019-11-01,14459.874835650184
2019-11-04,14459.874835650184
2019-11-05,14459.874835650184
2019-11-06,14459.874835650184
2019-11-07,14438.185023396709
2019-11-08,14438.185023396709
2019-11-11,14351.555913256328
2019-11-12,14330.028579386444
2019-11-13,14358.688636545217
2019-11-14,14337.1506035904
2019-11-15,14337.1506035904
2019-11-18,14337.1506035904
2019-11-19,14337.1506035904
2019-11-20,14387.330630702967
2019-11-21,14387.330630702967
2019-11-22,14387.330630702967
2019-11-25,14365.749634756912
2019-11-26,14365.749634756912
2019-11-27,14365.749634756912
2019-11-29,14365.749634756912
2019-12-02,14430.698568834398
2019-12-03,14430.698568834398
2019-12-04,14430.698568834398
2019-12-05,14430.698568834398
2019-12-06,14430.698568834398
2019-12-09,14430.698568834398
2019-12-10,14481.206013825318
2019-12-11,14481.206013825318
2019-12-12,14598.696596338043
2019-12-13,14649.792034425225
2019-12-16,14701.066306545714
2019-12-17,14752.520038618624
2019-12-18,14752.520038618624
2019-12-19,14708.262478502767
2019-12-20,14664.13769106726
2019-12-23,14642.141484530659
2019-12-24,14642.141484530659
2019-12-26,14642.141484530659
2019-12-27,14620.178272303863
2019-12-30,14544.935324011367
2019-12-31,14522.737557079903
2020-01-02,14522.737557079903
2020-01-03,14522.737557079903
2020-01-06,14522.737557079903
2020-01-07,14522.737557079903
2020-01-08,14545.868686680482
2020-01-09,14571.295691360969
2020-01-10,14605.743009799367
2020-01-13,14767.172482017886
2020-01-14,14871.758915101253
2020-01-15,14721.82961470269
2020-01-16,14721.82961470269
2020-01-17,14582.09830997088
2020-01-21,14582.09830997088
2020-01-22,14582.09830997088
2020-01-23,14582.09830997088
2020-01-24,14582.09830997088
2020-01-27,14560.225162505923
2020-01-28,14487.543681666268
2020-01-29,14444.081050621267
2020-01-30,14444.081050621267
2020-01-31,14444.081050621267
2020-02-03,14494.635334298442
2020-02-04,14494.635334298442
2020-02-05,14494.635334298442
2020-02-06,14472.893381296994
2020-02-07,14451.184041225048
2020-02-10,14501.763185369335
2020-02-11,14480.01054059128
2020-02-12,14480.01054059128
2020-02-13,14530.69057748335
2020-02-14,14530.69057748335
2020-02-18,14530.69057748335
2020-02-19,14530.69057748335
2020-02-20,14559.751958638317
2020-02-21,14610.71109049355
2020-02-24,14610.71109049355
2020-02-25,14610.71109049355
2020-02-26,14610.71109049355
2020-02-27,14661.84857931028
2020-02-28,14324.22952025655
2020-03-02,14625.038340181936
2020-03-03,14880.976511135123
2020-03-04,15245.560435657939
2020-03-05,15565.717204806751
2020-03-06,15892.597266107692
2020-03-09,16226.34180869595
2020-03-10,16567.094986678567
2020-03-11,16751.14513915859
2020-03-12,16809.774147145647
2020-03-13,16986.27677569068
2020-03-16,16986.27677569068
2020-03-17,16960.797360527144
2020-03-18,17020.16015128899
2020-03-19,17198.871832877525
2020-03-20,17233.26957654328
2020-03-23,17353.902463579085
2020-03-24,17536.11843944666
2020-03-25,17632.567090863617
2020-03-26,17729.54620986337
2020-03-27,17738.410982968304
2020-03-30,17924.664298289474
2020-03-31,18050.1369483775
2020-04-01,18311.863934128975
2020-04-02,18824.596124284573
2020-04-03,19417.57090219953
2020-04-06,19757.37839298803
2020-04-07,20033.98169048986
2020-04-08,20284.406461620987
2020-04-09,20568.38815208368
2020-04-13,20609.524928387847
2020-04-14,20650.743978244624
2020-04-15,20836.600674048826
2020-04-16,21169.986284833612
2020-04-17,21392.271140824367
2020-04-20,21445.75181867642
2020-04-21,21713.82371640988
2020-04-22,21833.24974685013
2020-04-23,22062.498869192055
2020-04-24,22294.155107318576
2020-04-27,22416.772960408827
2020-04-28,22540.065211691075
2020-04-29,22517.525146479387
2020-04-30,22427.455045893465
2020-05-01,22483.523683508196
2020-05-04,22809.534776919063
2020-05-05,22946.39198558058
2020-05-06,23267.641473378702
2020-05-07,23395.613501482283
2020-05-08,23407.311308233027
2020-05-11,23196.64550645892
2020-05-12,23417.013638770284
2020-05-13,23908.77092518446
2020-05-14,24291.311259987415
2020-05-15,24764.99182955717
2020-05-18,24777.37432547195
2020-05-19,25124.257566028555
2020-05-20,25438.310785603917
2020-05-21,25667.25558267435
2020-05-22,25769.92460500505
2020-05-26,25821.46445421506
2020-05-27,25795.642989760847
2020-05-28,25989.110312184053
2020-05-29,26404.936077179005
2020-06-01,26602.973097757847
2020-06-02,26576.370124660087
2020-06-03,26509.929199348444
2020-06-04,26708.753668343557
2020-06-05,26895.714944021962
2020-06-08,27083.984948630114
2020-06-09,27138.152918527376
2020-06-10,27328.11998895707
2020-06-11,27519.416828879774
2020-06-12,27615.734787780853
2020-06-15,27712.389859538085
2020-06-16,27712.389859538085
2020-06-17,27712.389859538085
2020-06-18,27670.821274748778
2020-06-19,27629.315042836653
2020-06-22,27629.315042836653
2020-06-23,27726.017645486583
2020-06-24,27684.428619018352
2020-06-25,27836.69297642295
2020-06-26,28421.26352892784
2020-06-29,28378.63163363445
2020-06-30,28378.63163363445
2020-07-01,28378.63163363445
2020-07-02,28336.063686184
2020-07-06,28293.559590654724
2020-07-07,28251.11925126874
2020-07-08,28389.522626748592
2020-07-09,28488.885955942213
2020-07-10,28488.885955942213
2020-07-13,28588.59705678801
2020-07-14,28654.357237620203
2020-07-15,28525.079854086107
2020-07-16,28482.292234304976
2020-07-17,28482.292234304976
2020-07-20,28672.38537128808
2020-07-21,28753.122879120776
2020-07-22,28709.993194802093
2020-07-23,28623.863215217683
2020-07-24,28781.294462901376
2020-07-27,28795.68511013283
2020-07-28,28810.08295268789
2020-07-29,28910.9182430223
2020-07-30,29214.482884574038
2020-07-31,29122.12230580238
2020-08-03,29122.12230580238
2020-08-04,29224.04973387269
2020-08-05,29224.04973387269
2020-08-06,29224.04973387269
2020-08-07,29224.04973387269
2020-08-10,29224.04973387269
2020-08-11,29224.04973387269
2020-08-12,29224.04973387269
2020-08-13,29180.21365927188
2020-08-14,29180.21365927188
2020-08-17,29282.344407079334
2020-08-18,29282.344407079334
2020-08-19,29282.344407079334
2020-08-20,29282.344407079334
2020-08-21,29282.344407079334
2020-08-24,29282.344407079334
2020-08-25,29282.344407079334
2020-08-26,29282.344407079334
2020-08-27,29282.344407079334
2020-08-28,29282.344407079334
2020-08-31,29282.344407079334
2020-09-01,29238.420890468715
2020-09-02,29238.420890468715
2020-09-03,29340.755363585355
2020-09-04,29340.755363585355
2020-09-08,29340.755363585355
2020-09-09,29340.755363585355
2020-09-10,29340.755363585355
2020-09-11,29340.755363585355
2020-09-14,29296.744230539978
2020-09-15,29296.744230539978
2020-09-16,29296.744230539978
2020-09-17,29399.28283534687
2020-09-18,29399.28283534687
2020-09-21,29502.180325270583
2020-09-22,29502.180325270583
2020-09-23,29502.180325270583
2020-09-24,29605.43795640903
2020-09-25,29561.029799474418
2020-09-28,29561.029799474418
2020-09-29,29516.688254775207
2020-09-30,29516.688254775207
2020-10-01,29472.413222393043
2020-10-02,29428.204602559454
2020-10-05,29384.062295655614
2020-10-06,29339.98620221213
2020-10-07,29295.976222908812
2020-10-08,29295.976222908812
2020-10-09,29295.976222908812
2020-10-12,29252.032258574447
2020-10-13,29252.032258574447
2020-10-14,29208.154210186585
2020-10-15,29208.154210186585
2020-10-16,29208.154210186585
2020-10-19,29208.154210186585
2020-10-20,29208.154210186585
2020-10-21,29310.38274992224
2020-10-22,29222.451601672474
2020-10-23,29324.730182278327
2020-10-26,29383.379642642885
2020-10-27,29544.98823067742
2020-10-28,29707.485665946144
2020-10-29,29811.461865776957
2020-10-30,29811.461865776957
2020-11-02,30437.50256495828
2020-11-03,30452.721316240753
2020-11-04,30985.643939274963
2020-11-05,31001.1367612446
2020-11-06,31218.144718573316
2020-11-09,31389.84451452547
2020-11-10,31719.437881927985
2020-11-11,32052.491979688228
2020-11-12,32276.859423546044
2020-11-13,32502.797439510865
2020-11-16,32454.0432433516
2020-11-17,32567.63239470333
2020-11-18,32795.605821466255
2020-11-19,32910.39044184139
2020-11-20,33255.94954148073
2020-11-23,33322.4614405637
2020-11-24,33499.895380818954
2020-11-25,33684.14480541345
2020-11-27,33760.41528552611
2020-11-30,33878.576739025455
2020-12-01,33946.333892503506
2020-12-02,34421.582566998564
2020-12-03,34542.05810598306
2020-12-04,34559.32913503605
2020-12-07,34628.44779330612
2020-12-08,34524.5624499262
2020-12-09,34472.77560625131
2020-12-10,34369.35727943256
2020-12-11,34489.650029910576
2020-12-14,34506.89485492553
2020-12-15,34455.13451264314
2020-12-16,34524.044781668425
2020-12-17,34420.472647323426
2020-12-18,34489.31359261807
2020-12-21,34385.84565184021
2020-12-22,34506.19611162165
2020-12-23,34506.19611162165
2020-12-24,34454.43681745422
2020-12-28,34402.75516222804
2020-12-29,34763.984091431426
2020-12-30,35250.67986871148
2020-12-31,35497.43462779246
2021-01-04,35745.91667018701
2021-01-05,35871.027378532664
2021-01-06,35996.57597435753
2021-01-07,36443.27162888123
2021-01-08,36836.16094103872
2021-01-11,37213.73432145239
2021-01-12,37157.913719970216
2021-01-13,37157.913719970216
2021-01-14,37102.176849390264
2021-01-15,37176.38120308904
2021-01-19,37176.38120308904
2021-01-20,37436.61587151066
2021-01-21,37698.67218261123
2021-01-22,37698.67218261123
2021-01-25,37698.67218261123
2021-01-26,37698.67218261123
2021-01-27,37830.61753525037
2021-01-28,37963.02469662375
2021-01-29,37963.02469662375
2021-02-01,37963.02469662375
2021-02-02,37657.67451772354
2021-02-03,37657.67451772354
2021-02-04,37657.67451772354
2021-02-05,37657.67451772354
2021-02-08,37657.67451772354
2021-02-09,37657.67451772354
2021-02-10,37789.476378535575
2021-02-11,37789.476378535575
2021-02-12,37789.476378535575
2021-02-16,37921.73954586045
2021-02-17,37921.73954586045
2021-02-18,38054.465634270964
2021-02-19,37997.383935819555
2021-02-22,37940.38785991583
2021-02-23,37940.38785991583
2021-02-24,37940.38785991583
2021-02-25,37940.38785991583
2021-02-26,37940.38785991583
2021-03-01,38149.05999314536
2021-03-02,38149.05999314536
2021-03-03,38034.61281316592
2021-03-04,38243.80318363834
2021-03-05,38377.65649478107
2021-03-08,38454.41180777063
2021-03-09,38454.41180777063
2021-03-10,38589.00224909783
2021-03-11,38589.00224909783
2021-03-12,38473.235242350536
2021-03-15,38415.52538948701
2021-03-16,38300.27881331855
2021-03-17,38434.32978916517
2021-03-18,38434.32978916517
2021-03-19,38568.849943427245
2021-03-22,38568.849943427245
2021-03-23,38645.987643314096
2021-03-24,39051.77051356889
2021-03-25,39188.45171036638
2021-03-26,39325.61129135267
2021-03-29,39600.89057039214
2021-03-30,39739.493687388516
2021-03-31,39739.493687388516
2021-04-01,39739.493687388516
2021-04-05,39878.58191529437
2021-04-06,39878.58191529437
2021-04-07,39818.76404242143
2021-04-08,39818.76404242143
2021-04-09,39818.76404242143
2021-04-12,39818.76404242143
2021-04-13,39958.12971656991
2021-04-14,39958.12971656991
2021-04-15,39800.08743730918
2021-04-16,39800.08743730918
2021-04-19,39800.08743730918
2021-04-20,39664.72457118058
2021-04-21,39664.72457118058
2021-04-22,39664.72457118058
2021-04-23,39605.22748432381
2021-04-26,39605.22748432381
2021-04-27,39698.39660989977
2021-04-28,39638.84901498492
2021-04-29,39579.39074146244
2021-04-30,39520.02165535025
2021-05-03,39599.061698660946
2021-05-04,38886.83248051141
2021-05-05,38828.50223179064
2021-05-06,38964.40198960191
2021-05-07,39042.33079358111
2021-05-10,39120.41545516827
2021-05-11,39061.73483198552
2021-05-12,39198.45090389747
2021-05-13,39472.84006022475
2021-05-14,39472.84006022475
2021-05-17,39413.630800134415
2021-05-18,39551.578507934886
2021-05-19,39551.578507934886
2021-05-20,39727.388072475
2021-05-21,39727.388072475
2021-05-24,39727.388072475
2021-05-25,39976.24672650291
2021-05-26,39976.24672650291
2021-05-27,40322.58573655407
2021-05-28,40463.71478663201
2021-06-01,40605.33778838522
2021-06-02,40605.33778838522
2021-06-03,40605.33778838522
2021-06-04,40605.33778838522
2021-06-07,40605.33778838522
2021-06-08,40783.26475075436
2021-06-09,40926.006177382
2021-06-10,41069.247199002835
2021-06-11,41069.247199002835
2021-06-14,41069.247199002835
2021-06-15,41069.247199002835
2021-06-16,41069.247199002835
2021-06-17,41069.247199002835
2021-06-18,41069.247199002835
2021-06-21,41069.247199002835
2021-06-22,41069.247199002835
2021-06-23,41069.247199002835
2021-06-24,41069.247199002835
2021-06-25,41069.247199002835
2021-06-28,41069.247199002835
2021-06-29,41069.247199002835
2021-06-30,41007.64332820433
2021-07-01,41007.64332820433
2021-07-02,41007.64332820433
2021-07-06,41007.64332820433
2021-07-07,41007.64332820433
2021-07-08,41007.64332820433
2021-07-09,41007.64332820433
2021-07-12,41007.64332820433
2021-07-13,41007.64332820433
2021-07-14,41007.64332820433
2021-07-15,41007.64332820433
2021-07-16,41007.64332820433
2021-07-19,40946.131863212024
2021-07-20,40946.131863212024
2021-07-21,40946.131863212024
2021-07-22,40946.131863212024
2021-07-23,40946.131863212024
2021-07-26,40946.131863212024
2021-07-27,40946.131863212024
2021-07-28,40946.131863212024
2021-07-29,40946.131863212024
2021-07-30,40884.7126654172
2021-08-02,40884.7126654172
2021-08-03,40823.38559641907
2021-08-04,40823.38559641907
2021-08-05,40823.38559641907
2021-08-06,40823.38559641907
2021-08-09,40823.38559641907
2021-08-10,40823.38559641907
2021-08-11,40823.38559641907
2021-08-12,40823.38559641907
2021-08-13,40823.38559641907
2021-08-16,40823.38559641907
2021-08-17,40823.38559641907
2021-08-18,40672.29739752413
2021-08-19,40699.73045638369
2021-08-20,40699.73045638369
2021-08-23,40699.73045638369
2021-08-24,40699.73045638369
2021-08-25,40638.68086069911
2021-08-26,40638.68086069911
2021-08-27,40638.68086069911
2021-08-30,40638.68086069911
2021-08-31,40638.68086069911
2021-09-01,40638.68086069911
2021-09-02,40638.68086069911
2021-09-03,40638.68086069911
2021-09-07,40638.68086069911
2021-09-08,40638.68086069911
2021-09-09,40638.68086069911
2021-09-10,40577.72283940806
2021-09-13,40516.856255148945
2021-09-14,40516.856255148945
2021-09-15,40516.856255148945
2021-09-16,40658.66525204197
2021-09-17,40658.66525204197
2021-09-20,40658.66525204197
2021-09-21,40800.97058042412
2021-09-22,40943.7739774556
2021-09-23,40943.7739774556
2021-09-24,41025.66152541052
2021-09-27,41169.251340749455
2021-09-28,41313.34372044208
2021-09-29,41313.34372044208
2021-09-30,41251.37370486141
2021-10-01,41036.450142721646
2021-10-04,41036.450142721646
2021-10-05,41036.450142721646
2021-10-06,41036.450142721646
2021-10-07,40974.895467507566
2021-10-08,40913.433124306306
2021-10-11,40821.18960707017
2021-10-12,40759.95782265956
2021-10-13,40902.61767503887
2021-10-14,41006.97104385703
2021-10-15,41150.49544251053
2021-10-18,41150.49544251053
2021-10-19,41311.74785867732
2021-10-20,41249.7802368893
2021-10-21,41187.90556653397
2021-10-22,41187.90556653397
2021-10-25,41144.893156616396
2021-10-26,41144.893156616396
2021-10-27,41144.893156616396
2021-10-28,41192.849269252874
2021-10-29,41209.21064895625
2021-11-01,41209.21064895625
2021-11-02,41147.39683298281
2021-11-03,41147.39683298281
2021-11-04,41147.39683298281
2021-11-05,41085.67573773334
2021-11-08,41024.04722412674
2021-11-09,41024.04722412674
2021-11-10,41024.04722412674
2021-11-11,41024.04722412674
2021-11-12,41024.04722412674
2021-11-15,41167.63138941119
2021-11-16,41311.71809927413
2021-11-17,41249.750522125214
2021-11-18,41394.12464895265
2021-11-19,41394.12464895265
2021-11-22,41539.00408522399
2021-11-23,41684.390599522274
2021-11-24,41830.2859666206
2021-11-26,41913.94653855384
2021-11-29,41851.075618746014
2021-11-30,41788.299005317895
2021-12-01,41955.45220133917
2021-12-02,41829.58584473515
2021-12-03,41913.245016424626
2021-12-06,41913.245016424626
2021-12-07,41850.37514889999
2021-12-08,41850.37514889999
2021-12-09,41850.37514889999
2021-12-10,41787.59958617664
2021-12-13,41724.918186797375
2021-12-14,41870.95540045117
2021-12-15,41808.14896735049
2021-12-16,41808.14896735049
2021-12-17,41808.14896735049
2021-12-20,41808.14896735049
2021-12-21,41808.14896735049
2021-12-22,41808.14896735049
2021-12-23,41808.14896735049
2021-12-27,41808.14896735049
2021-12-28,41808.14896735049
2021-12-29,41808.14896735049
2021-12-30,41808.14896735049
2021-12-31,41808.14896735049
2022-01-03,41891.7652652852
2022-01-04,41912.71114791784
2022-01-05,42080.36199250951
2022-01-06,42101.40217350577
2022-01-07,41911.945863724985
2022-01-10,41995.769755452435
2022-01-11,42226.74648910743
2022-01-12,42522.333714531174
2022-01-13,42819.99005053289
2022-01-14,43205.36996098768
2022-01-18,43594.21829063658
2022-01-19,44204.5373467055
2022-01-20,44602.37818282585
2022-01-21,44691.5829391915
2022-01-24,44848.00347947868
2022-01-25,44780.73147425946
2022-01-26,44937.46403441937
2022-01-27,44870.05783836774
2022-01-28,44802.75275161019
2022-01-31,44439.48561590949
2022-02-01,44439.48561590949
2022-02-02,44439.48561590949
2022-02-03,44439.48561590949
2022-02-04,44372.82638748563
2022-02-07,44372.82638748563
2022-02-08,44239.70790832317
2022-02-09,44549.38586368143
2022-02-10,44638.48463540879
2022-02-11,44727.76160467961
2022-02-14,44884.30877029599
2022-02-15,44974.07738783659
2022-02-16,45131.48665869401
2022-02-17,45289.446861999444
2022-02-18,45289.446861999444
2022-02-22,45289.446861999444
2022-02-23,45289.446861999444
2022-02-24,45221.51269170645
2022-02-25,45221.51269170645
2022-02-28,45221.51269170645
2022-03-01,45221.51269170645
2022-03-02,45379.78798612742
2022-03-03,45379.78798612742
2022-03-04,45379.78798612742
2022-03-07,45379.78798612742
2022-03-08,45379.78798612742
2022-03-09,45379.78798612742
2022-03-10,45379.78798612742
2022-03-11,45379.78798612742
2022-03-14,45379.78798612742
2022-03-15,45379.78798612742
2022-03-16,45379.78798612742
2022-03-17,45379.78798612742
2022-03-18,45379.78798612742
2022-03-21,45379.78798612742
2022-03-22,45379.78798612742
2022-03-23,45379.78798612742
2022-03-24,45379.78798612742
2022-03-25,45379.78798612742
2022-03-28,45379.78798612742
2022-03-29,45379.78798612742
2022-03-30,45379.78798612742
2022-03-31,45379.78798612742
2022-04-01,45379.78798612742
2022-04-04,45311.71830414823
2022-04-05,45311.71830414823
2022-04-06,45311.71830414823
2022-04-07,45311.71830414823
2022-04-08,45311.71830414823
2022-04-11,45311.71830414823
2022-04-12,45311.71830414823
2022-04-13,45311.71830414823
2022-04-14,45311.71830414823
2022-04-18,45311.71830414823
2022-04-19,45311.71830414823
2022-04-20,45588.85732487588
2022-04-21,45588.85732487588
2022-04-22,45520.47403888856
2022-04-25,45679.795698024674
2022-04-26,45611.27600447764
2022-04-27,45611.27600447764
2022-04-28,45611.27600447764
2022-04-29,45611.27600447764
2022-05-02,45611.27600447764
2022-05-03,45770.91547049331
2022-05-04,45931.11367464004
2022-05-05,45931.11367464004
2022-05-06,45931.11367464004
2022-05-09,45931.11367464004
2022-05-10,45862.21700412808
2022-05-11,45862.21700412808
2022-05-12,45862.21700412808
2022-05-13,45793.42367862188
2022-05-16,45793.42367862188
2022-05-17,45793.42367862188
2022-05-18,45724.73354310395
2022-05-19,45724.73354310395
2022-05-20,45724.73354310395
2022-05-23,45724.73354310395
2022-05-24,45724.73354310395
2022-05-25,45724.73354310395
2022-05-26,45724.73354310395
2022-05-27,45724.73354310395
2022-05-31,45724.73354310395
2022-06-01,45656.14644278929
2022-06-02,46455.12900553812
2022-06-03,47105.50081161566
2022-06-06,47600.10857013762
2022-06-07,47766.70895013311
2022-06-08,47933.892431458575
2022-06-09,48604.966925499
2022-06-10,48775.084309738246
2022-06-13,48945.79710482233
2022-06-14,49117.107394689214
2022-06-15,49117.107394689214
2022-06-16,48422.13299233238
2022-06-17,48591.610457805546
2022-06-21,48761.68109440787
2022-06-22,48932.346978238296
2022-06-23,49201.474886618606
2022-06-24,49201.474886618606
2022-06-27,49127.672674288675
2022-06-28,49299.61952864868
2022-06-29,49398.21876770598
2022-06-30,49398.21876770598
2022-07-01,49422.91787708982
2022-07-05,49447.62933602836
2022-07-06,49793.76274138056
2022-07-07,49624.805192921725
2022-07-08,49724.05480330757
2022-07-11,50246.15737874229
2022-07-12,50949.60358204468
2022-07-13,51841.22164473045
2022-07-14,52204.110196243564
2022-07-15,52569.53896761726
2022-07-18,52846.22145272929
2022-07-19,53270.32718203575
2022-07-20,54874.75504305223
2022-07-21,54792.442910487654
2022-07-22,54792.442910487654
2022-07-25,54792.442910487654
2022-07-26,54792.442910487654
2022-07-27,54792.442910487654
2022-07-28,54792.442910487654
2022-07-29,54792.442910487654
2022-08-01,54792.442910487654
2022-08-02,54792.442910487654
2022-08-03,54628.065581756186
2022-08-04,54546.12348338355
2022-08-05,54546.12348338355
2022-08-08,54464.30429815847
2022-08-09,54382.60784171124
2022-08-10,54382.60784171124
2022-08-11,54301.03392994867
2022-08-12,54301.03392994867
2022-08-15,54301.03392994867
2022-08-16,54491.087548703494
2022-08-17,54409.35091738044
2022-08-18,54409.35091738044
2022-08-19,54790.21637380211
2022-08-22,55009.37723929731
2022-08-23,55201.91005963485
2022-08-24,55781.53011526102
2022-08-25,56367.23618147126
2022-08-26,56479.9706538342
2022-08-29,56592.93059514187
2022-08-30,56592.93059514187
2022-08-31,56791.005852224866
2022-09-01,56705.81934344653
2022-09-02,56620.76061443136
2022-09-06,56620.76061443136
2022-09-07,56734.00213566022
2022-09-08,57131.14015060985
2022-09-09,57045.44344038393
2022-09-12,57245.10249242528
2022-09-13,57445.460351148766
2022-09-14,57445.460351148766
2022-09-15,57445.460351148766
2022-09-16,57445.460351148766
2022-09-19,57646.519462377786
2022-09-20,57646.519462377786
2022-09-21,57646.519462377786
2022-09-22,57646.519462377786
2022-09-23,57646.519462377786
2022-09-26,57646.519462377786
2022-09-27,57646.519462377786
2022-09-28,57560.04968318422
2022-09-29,57794.90548550071
2022-09-30,58199.46982389921
2022-10-03,58403.16796828286
2022-10-04,58403.16796828286
2022-10-05,58403.16796828286
2022-10-06,58403.16796828286
2022-10-07,58403.16796828286
2022-10-10,58403.16796828286
2022-10-11,58403.16796828286
2022-10-12,58403.16796828286
2022-10-13,58403.16796828286
2022-10-14,58403.16796828286
2022-10-17,58607.57905617185
2022-10-18,58812.70558286845
2022-10-19,59018.55005240849
2022-10-20,59018.55005240849
2022-10-21,59018.55005240849
2022-10-24,58930.02222732988
2022-10-25,58930.02222732988
2022-10-26,59136.277305125535
2022-10-27,59343.25427569348
2022-10-28,59343.25427569348
2022-10-31,59343.25427569348
2022-11-01,59343.25427569348
2022-11-02,59254.23939427994
2022-11-03,59254.23939427994
2022-11-04,59254.23939427994
2022-11-07,59254.23939427994
2022-11-08,59254.23939427994
2022-11-09,59254.23939427994
2022-11-10,59254.23939427994
2022-11-11,59254.23939427994
2022-11-14,59165.35803518852
2022-11-15,59165.35803518852
2022-11-16,59165.35803518852
2022-11-17,59165.35803518852
2022-11-18,59165.35803518852
2022-11-21,59165.35803518852
2022-11-22,59165.35803518852
2022-11-23,59165.35803518852
2022-11-25,59372.43678831168
2022-11-28,59580.24031707077
2022-11-29,59788.77115818052
2022-11-30,59699.08800144325
2022-12-01,59609.53936944108
2022-12-02,59609.53936944108
2022-12-05,59609.53936944108
2022-12-06,59520.12506038692
2022-12-07,59520.12506038692
2022-12-08,59520.12506038692
2022-12-09,59520.12506038692
2022-12-12,59520.12506038692
2022-12-13,59520.12506038692
2022-12-14,59520.12506038692
2022-12-15,59520.12506038692
2022-12-16,59520.12506038692
2022-12-19,59520.12506038692
2022-12-20,59520.12506038692
2022-12-21,59520.12506038692
2022-12-22,59520.12506038692
2022-12-23,59520.12506038692
2022-12-27,59936.765935809635
2022-12-28,60146.54461658497
2022-12-29,60357.057522743016
2022-12-30,60357.057522743016
2023-01-03,60266.5219364589
2023-01-04,60507.58802420474
2023-01-05,60961.39493438629
2023-01-06,60991.87563185349
2023-01-09,60808.900004957926
2023-01-10,60830.28380577941
2023-01-11,60739.038380070735
2023-01-12,60981.994533591016
2023-01-13,60799.04854999024
2023-01-17,60859.84759854023
2023-01-18,61011.99721753659
2023-01-19,61896.67117719088
2023-01-20,62237.10286866544
2023-01-23,62703.88114018043
2023-01-24,62829.28890246079
2023-01-25,62860.703546912024
2023-01-26,63649.67838206976
2023-01-27,63625.78715071558
2023-01-30,64012.631255930806
2023-01-31,64908.80809351385
2023-02-01,64811.44488137358
2023-02-02,65163.62816652844
2023-02-03,65163.62816652844
2023-02-06,65163.62816652844
2023-02-07,65163.62816652844
2023-02-08,65163.62816652844
2023-02-09,65163.62816652844
2023-02-10,65163.62816652844
2023-02-13,65391.70086511129
2023-02-14,65293.61331381363
2023-02-15,65522.140960411976
2023-02-16,65522.140960411976
2023-02-17,65751.46845377341
2023-02-21,65751.46845377341
2023-02-22,65751.46845377341
2023-02-23,65652.84125109276
2023-02-24,65652.84125109276
2023-02-27,65652.84125109276
2023-02-28,65554.36198921612
2023-03-01,65456.0304462323
2023-03-02,65456.0304462323
2023-03-03,65456.0304462323
2023-03-06,65586.94250712477
2023-03-07,65816.4968058997
2023-03-08,66046.85454472035
2023-03-09,66178.9482538098
2023-03-10,66178.9482538098
2023-03-13,66178.9482538098
2023-03-14,66178.9482538098
2023-03-15,66642.20089158646
2023-03-16,66875.448594707
2023-03-17,66679.94227101539
2023-03-20,66579.92235760887
2023-03-21,66859.57707384153
2023-03-22,66859.57707384153
2023-03-23,66859.57707384153
2023-03-24,66859.57707384153
2023-03-27,66859.57707384153
2023-03-28,66859.57707384153
2023-03-29,66859.57707384153
2023-03-30,66759.28770823077
2023-03-31,66659.14877666841
2023-04-03,66659.14877666841
2023-04-04,66659.14877666841
2023-04-05,66659.14877666841
2023-04-06,66892.45579738675
2023-04-10,66892.45579738675
2023-04-11,67360.70298796847
2023-04-12,67495.42439394441
2023-04-13,67495.42439394441
2023-04-14,67495.42439394441
2023-04-17,67394.1812573535
2023-04-18,67125.06301476598
2023-04-19,67125.06301476598
2023-04-20,67125.06301476598
2023-04-21,67125.06301476598
2023-04-24,67692.60142048988
2023-04-25,67692.60142048988
2023-04-26,67384.20680316006
2023-04-27,67384.20680316006
2023-04-28,67384.20680316006
2023-05-01,67384.20680316006
2023-05-02,67384.20680316006
2023-05-03,67283.13049295533
2023-05-04,67182.2057972159
2023-05-05,67182.2057972159
2023-05-08,67182.2057972159
2023-05-09,67182.2057972159
2023-05-10,67081.43248852008
2023-05-11,66980.81033978729
2023-05-12,66980.81033978729
2023-05-15,66980.81033978729
2023-05-16,66980.81033978729
2023-05-17,66980.81033978729
2023-05-18,67215.24317597655
2023-05-19,67685.74987820837
2023-05-22,68159.55012735583
2023-05-23,68159.55012735583
2023-05-24,68159.55012735583
2023-05-25,67955.07147697375
2023-05-26,67853.13886975829
2023-05-30,68090.62485580244
2023-05-31,68226.80610551404
2023-06-01,68260.9195085668
2023-06-02,68260.9195085668
2023-06-05,68260.9195085668
2023-06-06,68260.9195085668
2023-06-07,68158.52812930396
2023-06-08,68397.08297775652
2023-06-09,68397.08297775652
2023-06-12,68397.08297775652
2023-06-13,68397.08297775652
2023-06-14,68397.08297775652
2023-06-15,68636.47276817868
2023-06-16,68636.47276817868
2023-06-20,68876.7004228673
2023-06-21,69117.76887434734
2023-06-22,69117.76887434734
2023-06-23,69117.76887434734
2023-06-26,69117.76887434734
2023-06-27,69117.76887434734
2023-06-28,69117.76887434734
2023-06-29,69117.76887434734
2023-06-30,69117.76887434734
2023-07-03,69117.76887434734
2023-07-05,69117.76887434734
2023-07-06,69117.76887434734
2023-07-07,69014.09222103583
2023-07-10,69014.09222103583
2023-07-11,69014.09222103583
2023-07-12,69014.09222103583
2023-07-13,68910.57108270428
2023-07-14,68807.20522608022
2023-07-17,68807.20522608022
2023-07-18,68807.20522608022
2023-07-19,68807.20522608022
2023-07-20,68807.20522608022
2023-07-21,68807.20522608022
2023-07-24,69048.0304443715
2023-07-25,69048.0304443715
2023-07-26,69048.0304443715
2023-07-27,69048.0304443715
2023-07-28,69048.0304443715
2023-07-31,69048.0304443715
2023-08-01,68840.88635303838
2023-08-02,69322.77255750964
2023-08-03,69322.77255750964
2023-08-04,69322.77255750964
2023-08-07,69565.40226146093
2023-08-08,69501.21021443131
2023-08-09,69396.95839910966
2023-08-10,69292.862961511
2023-08-11,69084.98437262645
2023-08-14,68981.35689606752
2023-08-15,68774.4128253793
2023-08-16,68248.42908219055
2023-08-17,68043.68379494398
2023-08-18,68281.83668822628
2023-08-21,68255.4862871226
2023-08-22,68279.77240983708
2023-08-23,68655.31115809118
2023-08-24,68552.32819135404
2023-08-25,68243.84271449293
2023-08-28,68664.75388215474
2023-08-29,68939.41289768336
2023-08-30,68973.88260413219
2023-08-31,68870.421780226
2023-09-01,70067.09499982613
2023-09-05,69751.79307232694
2023-09-06,69542.53769310996
2023-09-07,69681.62276849618
2023-09-08,69716.46357988041
2023-09-11,69507.31418914076
2023-09-12,69194.53127528961
2023-09-13,69575.1011973037
2023-09-14,69818.61405149425
2023-09-15,70062.97920067448
2023-09-18,70308.19962787685
2023-09-19,70800.357025272
2023-09-20,70295.37974424855
2023-09-21,70295.37974424855
2023-09-22,69830.52027050332
2023-09-25,68387.5383778013
2023-09-26,67981.38688713942
2023-09-27,67981.38688713942
2023-09-28,68143.22698957298
2023-09-29,68660.70194484013
2023-10-02,68546.92651180412
2023-10-03,68444.10612203642
2023-10-04,68444.10612203642
2023-10-05,68238.77380367032
2023-10-06,68238.77380367032
2023-10-09,68136.41564296481
2023-10-10,68136.41564296481
2023-10-11,68374.89309771519
2023-10-12,68272.33075806862
2023-10-13,68272.33075806862
2023-10-16,69197.01868881371
2023-10-17,69439.20825422456
2023-10-18,69439.20825422456
2023-10-19,69439.20825422456
2023-10-20,69335.04944184322
2023-10-23,69335.04944184322
2023-10-24,69335.04944184322
2023-10-25,69231.04686768046
2023-10-26,69231.04686768046
2023-10-27,69231.04686768046
2023-10-30,69473.35553171735
2023-10-31,69473.35553171735
2023-11-01,69716.51227607836
2023-11-02,69855.94530063053
2023-11-03,69751.16138267958
2023-11-06,69890.66370544494
2023-11-07,70030.44503285583
2023-11-08,70520.65814808583
2023-11-09,70908.52176790031
2023-11-10,71050.33881143612
2023-11-13,71547.69118311617
2023-11-14,71798.10810225707
2023-11-15,71690.41094010368
2023-11-16,71582.87532369353
2023-11-17,71368.12669772244
2023-11-20,71261.07450767586
2023-11-21,71261.07450767586
2023-11-22,71296.7050449297
2023-11-24,71581.89186510941
2023-11-27,71617.68281104196
2023-11-28,71510.2562868254
2023-11-29,71510.2562868254
2023-11-30,71510.2562868254
2023-12-01,71900.303500801
2023-12-04,71792.4530455498
2023-12-05,71331.56957085774
2023-12-06,71072.71481861919
2023-12-07,71903.81624435015
2023-12-08,71639.85063222317
2023-12-11,71532.39085627484
2023-12-12,72463.12228859027
2023-12-13,72463.12228859027
2023-12-14,72463.12228859027
2023-12-15,72354.42760515738
2023-12-18,72245.89596374964
2023-12-19,72245.89596374964
2023-12-20,72245.89596374964
2023-12-21,72245.89596374964
2023-12-22,72245.89596374964
2023-12-26,72137.52711980401
2023-12-27,72137.52711980401
2023-12-28,72174.08230012404
2023-12-29,72174.08230012404
2024-01-02,72210.1693412741
2024-01-03,72101.8540872622
2024-01-04,71993.7013061313
2024-01-05,72245.67926070276
2024-01-08,72390.17061922415
2024-01-09,72281.58536329532
2024-01-10,72426.14853402192
2024-01-11,72715.85312815799
2024-01-12,73115.79032036287
2024-01-16,73262.0219010036
2024-01-17,73555.06998860759
2024-01-18,73320.4621733938
2024-01-19,73399.28830463189
2024-01-22,73627.1377821978
2024-01-23,73526.1232251806
2024-01-24,73305.54485550505
2024-01-25,73452.15594521606
2024-01-26,73378.70378927086
2024-01-29,73886.53709755819
2024-01-30,73828.39459692608
2024-01-31,73976.05138611993
2024-02-01,73754.12323196158
2024-02-02,73532.8608622657
2024-02-05,73422.5615709723
2024-02-06,73569.40669411425
2024-02-07,73826.89961754365
2024-02-08,73605.41891869102
2024-02-09,73605.41891869102
2024-02-12,73384.60266193494
2024-02-13,73274.52575794204
2024-02-14,73164.61396930512
2024-02-15,73164.61396930512
2024-02-16,73420.69011819769
2024-02-20,73179.66513219083
2024-02-21,73435.7939601535
2024-02-22,73142.89905689732
2024-02-23,72923.47035972663
2024-02-26,72864.96895540915
2024-02-27,72864.96895540915
2024-02-28,72864.96895540915
2024-02-29,72864.96895540915
2024-03-01,72864.96895540915
2024-03-04,72755.67150197603
2024-03-05,72755.67150197603
2024-03-06,72755.67150197603
2024-03-07,72755.67150197603
2024-03-08,73010.31635223294
2024-03-11,72900.80087770459
2024-03-12,72791.44967638803
2024-03-13,72682.26250187345
2024-03-14,72682.26250187345
2024-03-15,72496.25055025055
2024-03-18,72641.24305135105
2024-03-19,72532.28118677402
2024-03-20,72532.28118677402
2024-03-21,72845.9492435535
2024-03-22,72845.9492435535
2024-03-25,72845.9492435535
2024-03-26,72845.9492435535
2024-03-27,72845.9492435535
2024-03-28,72845.9492435535
2024-04-01,72845.9492435535
2024-04-02,72845.9492435535
2024-04-03,73100.91006590595
2024-04-04,72991.25870080708
2024-04-05,72772.28492470467
2024-04-08,72663.12649731761
2024-04-09,72917.44744005823
2024-04-10,72947.87802690147
2024-04-11,72947.87802690147
2024-04-12,73203.19559999563
2024-04-15,73070.5996875956
2024-04-16,73070.5996875956
2024-04-17,73070.5996875956
2024-04-18,73070.5996875956
2024-04-19,73070.5996875956
2024-04-22,73070.5996875956
2024-04-23,73326.3467865022
2024-04-24,73216.35726632245
2024-04-25,73472.61451675458
2024-04-26,73362.40559497944
2024-04-29,73252.36198658697
2024-04-30,73142.4834436071
2024-05-01,73142.4834436071
2024-05-02,73142.4834436071
2024-05-03,73032.76971844169
2024-05-06,73288.38441245623
2024-05-07,73288.38441245623
2024-05-08,73288.38441245623
2024-05-09,73288.38441245623
2024-05-10,73288.38441245623
2024-05-13,73288.38441245623
2024-05-14,73178.45183583755
2024-05-15,73434.57641726299
2024-05-16,73434.57641726299
2024-05-17,73324.4245526371
2024-05-20,73324.4245526371
2024-05-21,73104.45127897919
2024-05-22,73104.45127897919
2024-05-23,72994.79460206072
2024-05-24,73140.78419126484
2024-05-28,73140.78419126484
2024-05-29,73031.07301497794
2024-05-30,72811.979795933
2024-05-31,73127.6474546526
2024-06-03,73639.54098683516
2024-06-04,73786.82006880883
2024-06-05,74045.07393904966
2024-06-06,74193.16408692776
2024-06-07,74081.87434079737
2024-06-10,74081.87434079737
2024-06-11,73970.75152928616
2024-06-12,73970.75152928616
2024-06-13,74118.69303234473
2024-06-14,74007.51499279622
2024-06-17,73896.50372030702
2024-06-18,73933.45197216718
2024-06-20,73822.55179420894
2024-06-21,73711.81796651763
2024-06-24,73969.80932940044
2024-06-25,73747.89990141224
2024-06-26,73747.89990141224
2024-06-27,73407.19347914733
2024-06-28,73297.08268892861
2024-07-01,73402.49689254756
2024-07-02,73659.40563167147
2024-07-03,74064.53236264565
2024-07-05,74842.20995245341
2024-07-08,75253.84210719191
2024-07-09,76307.39589669259
2024-07-10,77199.84018008108
2024-07-11,77470.03962071137
2024-07-12,78012.32989805636
2024-07-15,78285.37305269955
2024-07-16,78559.371858384
2024-07-17,78716.49060210075
2024-07-18,78480.34113029444
2024-07-19,78755.02232425047
2024-07-22,78755.02232425047
2024-07-23,78755.02232425047
2024-07-24,78755.02232425047
2024-07-25,78755.02232425047
2024-07-26,78755.02232425047
2024-07-29,78755.02232425047
2024-07-30,79306.30748052023
2024-07-31,79861.45163288388
2024-08-01,79861.45163288388
2024-08-02,80699.99687502916
2024-08-05,80982.44686409176
2024-08-06,81144.41175781995
2024-08-07,81144.41175781995
2024-08-08,81428.41719897233
2024-08-09,81713.41665916872
2024-08-12,82162.84045079416
2024-08-13,82902.3060148513
2024-08-14,84062.93829905921
2024-08-15,84231.06417565733
2024-08-16,85115.49034950175
2024-08-19,85413.394565725
2024-08-20,85413.394565725
2024-08-21,85712.34144670503
2024-08-22,85883.76612959844
2024-08-23,85368.46353282085
2024-08-26,85112.35814222238
2024-08-27,84984.68960500904
2024-08-28,84729.73553619403
2024-08-29,85549.27664998548
2024-08-30,86148.12158653537
2024-09-03,86449.64001208825
2024-09-04,86319.96555207012
2024-09-05,86319.96555207012
2024-09-06,86061.0056554139
2024-09-09,86405.24967803556
2024-09-10,85947.94357004836
2024-09-11,85819.0216546933
2024-09-12,85690.29312221125
2024-09-13,85690.29312221125
2024-09-16,85934.18692063198
2024-09-17,86273.06757622007
2024-09-18,86014.24837349141
2024-09-19,85885.22700093118
2024-09-20,85756.39916042978
2024-09-23,86022.96844793408
2024-09-24,85893.93399526218
2024-09-25,85893.93399526218
2024-09-26,85636.2521932764
2024-09-27,85679.07031937304
2024-09-30,85679.07031937304
2024-10-01,85850.4284600118
2024-10-02,85721.65281732178
2024-10-03,85721.65281732178
2024-10-04,85464.48785886982
2024-10-07,85507.22010279924
2024-10-08,85678.23454300483
2024-10-09,85608.58943119211
2024-10-10,85608.58943119211
2024-10-11,85608.58943119211
2024-10-14,85480.17654704532
2024-10-15,85480.17654704532
2024-10-16,85480.17654704532
2024-10-17,85628.01727292003
2024-10-18,86112.5433671323
2024-10-21,85983.3745520816
2024-10-22,85983.3745520816
2024-10-23,85983.3745520816
2024-10-24,85854.39949025348
2024-10-25,85854.39949025348
2024-10-28,85854.39949025348
2024-10-29,86154.88988846936
2024-10-30,86154.88988846936
2024-10-31,86456.43200307901
2024-11-01,87234.53989110672
2024-11-04,87845.18167034446
2024-11-05,88328.33016953136
2024-11-06,88063.34517902277
2024-11-07,87799.15514348571
2024-11-08,88738.69579501777
2024-11-11,89093.65057819785
2024-11-12,89717.30613224523
2024-11-13,90345.32727517094
2024-11-14,90209.80928425818
2024-11-15,90254.91418890031
2024-11-18,90751.31621693925
2024-11-19,90796.69187504772
2024-11-20,91432.26871817306
2024-11-21,91432.26871817306
2024-11-22,91432.26871817306
2024-11-25,91295.1203150958
2024-11-26,91158.17763462316
2024-11-27,91158.17763462316
2024-11-29,91158.17763462316
2024-12-02,91522.81034516165
2024-12-03,91568.57175033423
2024-12-04,91797.49317971004
2024-12-05,91797.49317971004
2024-12-06,91797.49317971004
2024-12-09,91797.49317971004
2024-12-10,91797.49317971004
2024-12-11,91797.49317971004
2024-12-12,91797.49317971004
2024-12-13,91797.49317971004
2024-12-16,91393.06440307388
2024-12-17,90802.4043618435
2024-12-18,88274.21236427884
2024-12-19,88318.34947046096
2024-12-20,88053.39442204958
2024-12-23,87657.15414715034
2024-12-24,87832.46845544464
2024-12-26,88447.29573463276
2024-12-27,88447.29573463276
2024-12-30,88447.29573463276
2024-12-31,88447.29573463276
2025-01-02,88447.29573463276
2025-01-03,87420.28398005926
2025-01-06,87595.12454801939
2025-01-07,87577.05575200713
2025-01-08,88060.92590931721
2025-01-10,86962.95271261872
2025-01-13,86884.94799469663
2025-01-14,87058.71789068602
2025-01-15,86797.54173701398
2025-01-16,86884.33927875101
2025-01-17,86493.35975199664
2025-01-21,86406.86639224463
2025-01-22,85888.42519389115
2025-01-23,86060.20204427894
2025-01-24,85672.93113507968
2025-01-27,85177.30808173856
2025-01-28,84987.130352997
2025-01-29,84474.29209455296
2025-01-30,83993.09692907757
2025-01-31,84161.08312293571
2025-02-03,83718.91699934939
2025-02-04,84395.89369720906
2025-02-05,85282.05058102978
2025-02-06,86811.77987874909
2025-02-07,86290.90919947658
2025-02-10,86203.50110105373
2025-02-11,86074.19584940215
2025-02-12,85945.08455562805
2025-02-13,85945.08455562805
2025-02-14,86546.70014751745
2025-02-18,87455.44049906638
2025-02-19,88242.53946355799
2025-02-20,88936.66212101636
2025-02-21,89292.40876950041
