Trade Start Date,Trade End Date,Hour,Stock,Trade Type,Trade Price,Exit Price,Profit/Loss,Fees,Balance,Prediction Prob
2022-10-13 13:00:00,2022-10-13 13:00:00,38,CVCO,Long Profit,200.19,208.1976,79.99999999999996,10.0,10070.0,0.7269279
2022-10-13 14:00:00,2022-10-13 14:00:00,39,OSUR,Long Profit,3.59,3.7336,80.5600000000001,10.07,10140.49,0.72273517
2022-10-14 19:00:00,2022-10-14 19:00:00,52,CVCO,Long Profit,205.75,213.98000000000002,81.12392000000018,10.14049,10211.47343,0.7516664
2022-10-14 20:00:00,2022-10-14 20:00:00,53,CVCO,Long Profit,205.69,213.9176,81.69178743999997,10.211473430000002,10282.95374401,0.7702534
2022-10-19 15:00:00,2022-10-19 15:00:00,72,CVCO,Long Stop Loss,209.5,207.405,-20.565907488019988,10.28295374401,10252.104882777969,0.7232644
2022-10-19 16:00:00,2022-10-19 16:00:00,73,OSUR,Long Profit,3.635,3.7803999999999998,82.01683906222374,10.252104882777969,10323.869616957414,0.70635885
2022-10-26 14:00:00,2022-10-26 14:00:00,113,OSUR,Short Stop Loss,4.28,4.3228,-20.6477392339147,10.323869616957415,10292.898008106542,0.7536659
2022-10-26 15:00:00,2022-10-26 15:00:00,114,OSUR,Long Stop Loss,4.265,4.22235,-20.585796016213123,10.292898008106542,10262.019314082223,0.7134171
2022-10-26 16:00:00,2022-10-26 16:00:00,115,OSUR,Long Stop Loss,4.275,4.2322500000000005,-20.52403862816437,10.262019314082224,10231.233256139976,0.70956206
2022-10-26 17:00:00,2022-10-26 17:00:00,116,OSUR,Long Stop Loss,4.275,4.2322500000000005,-20.462466512279875,10.231233256139976,10200.539556371556,0.70245594
2022-10-26 20:00:00,2022-10-26 20:00:00,119,OSUR,Short Stop Loss,4.3,4.343,-20.401079112743183,10.200539556371556,10169.937937702442,0.75686014
2022-10-27 15:00:00,2022-10-27 15:00:00,122,OSUR,Short Stop Loss,4.29,4.3329,-20.339875875405063,10.169937937702443,10139.428123889335,0.7068931
2022-10-27 16:00:00,2022-10-27 16:00:00,123,OSUR,Short Stop Loss,4.3,4.343,-20.27885624777874,10.139428123889335,10109.009839517666,0.70215917
2022-11-01 20:00:00,2022-11-01 20:00:00,149,LANC,Short Stop Loss,179.9,181.699,-20.218019679035407,10.109009839517666,10078.682809999113,0.7261913
2022-11-01 20:00:00,2022-11-01 20:00:00,151,OSUR,Short Stop Loss,4.46,4.5046,-20.157365619998213,10.078682809999114,10048.446761569116,0.7490961
2022-11-02 11:00:00,2022-11-02 11:00:00,152,OSUR,Short Profit,4.66,4.4736,80.3875740925529,10.048446761569117,10118.7858889001,0.7262873
2022-11-03 14:00:00,2022-11-03 14:00:00,159,LANC,Long Profit,195.35,203.164,80.95028711120074,10.118785888900101,10189.617390122401,0.7232999
2022-11-04 14:00:00,2022-11-04 14:00:00,166,CVCO,Short Profit,211.11,202.6656,81.51693912097923,10.189617390122402,10260.944711853257,0.7335793
2022-11-04 15:00:00,2022-11-04 15:00:00,167,CVCO,Short Stop Loss,204.6,206.646,-20.521889423706437,10.260944711853258,10230.161877717697,0.7225929
2022-11-03 20:00:00,2022-11-03 20:00:00,169,OSUR,Short Stop Loss,4.22,4.2622,-20.460323755435514,10.230161877717698,10199.471392084544,0.7813041
2022-11-08 15:00:00,2022-11-08 15:00:00,184,LANC,Short Profit,211.86,203.3856,81.59577113667638,10.199471392084545,10270.867691829137,0.83442014
2022-11-08 16:00:00,2022-11-08 16:00:00,185,LANC,Short Profit,213.06,204.5376,82.16694153463314,10.270867691829137,10342.76376567194,0.83548963
2022-11-08 16:00:00,2022-11-08 16:00:00,188,BXC,Long Stop Loss,67.685,67.00815,-20.685527531343933,10.342763765671942,10311.735474374924,0.7361787
2022-11-09 14:00:00,2022-11-09 14:00:00,190,RDNT,Long Profit,13.4,13.936000000000002,82.4938837949996,10.311735474374926,10383.917622695548,0.7123649
2022-11-09 15:00:00,2022-11-09 15:00:00,191,RDNT,Long Profit,14.25,14.82,83.07134098156443,10.383917622695549,10456.605046054417,0.7487232
2022-11-09 18:00:00,2022-11-09 18:00:00,194,RDNT,Long Stop Loss,15.06,14.9094,-20.913210092108937,10.456605046054417,10425.235230916254,0.71070224
2022-11-09 19:00:00,2022-11-09 19:00:00,195,RDNT,Long Profit,14.87,15.4648,83.4018818473302,10.425235230916256,10498.211877532669,0.7460864
2022-11-09 21:00:00,2022-11-09 21:00:00,198,LANC,Long Stop Loss,203.34,201.3066,-20.996423755065344,10.49821187753267,10466.71724190007,0.80290234
2022-11-10 16:00:00,2022-11-10 16:00:00,201,RDNT,Long Stop Loss,16.21,16.047900000000002,-20.933434483799985,10.46671724190007,10435.31709017437,0.710308
2022-11-10 17:00:00,2022-11-10 17:00:00,202,RDNT,Long Profit,15.9,16.536,83.4825367213951,10.435317090174372,10508.36430980559,0.74305004
2022-11-10 16:00:00,2022-11-10 16:00:00,205,BXC,Long Stop Loss,70.855,70.14645,-21.016728619611253,10.508364309805591,10476.839216876175,0.7031696
2022-11-10 17:00:00,2022-11-10 17:00:00,206,BXC,Long Profit,69.03,71.7912,83.81471373500948,10.476839216876176,10550.177091394307,0.73162544
2022-11-11 17:00:00,2022-11-11 17:00:00,208,CVCO,Long Stop Loss,233.425,231.09075,-21.10035418278859,10.550177091394307,10518.526560120124,0.7459096
2022-11-11 18:00:00,2022-11-11 18:00:00,209,CVCO,Long Stop Loss,234.67,232.3233,-21.037053120240234,10.518526560120124,10486.970980439764,0.71294475
2022-11-11 15:00:00,2022-11-11 15:00:00,209,MMS,Short Stop Loss,62.695,63.32195,-21.037053120240273,10.518526560120124,10455.415400759404,0.7642344
2022-11-14 21:00:00,2022-11-14 21:00:00,220,CVCO,Long Stop Loss,215.77,213.6123,-20.91083080151886,10.455415400759405,10424.049154557126,0.78299123
2022-11-15 17:00:00,2022-11-15 17:00:00,224,CVCO,Long Stop Loss,218.7,216.51299999999998,-20.848098309114366,10.424049154557126,10392.777007093455,0.7795804
2022-11-15 16:00:00,2022-11-15 16:00:00,227,PATK,Short Profit,55.37,53.155199999999994,83.14221605674778,10.392777007093455,10465.526446143109,0.70135766
2022-11-15 17:00:00,2022-11-15 17:00:00,228,PATK,Short Profit,55.17,52.9632,83.72421156914493,10.46552644614311,10538.785131266111,0.77792645
2022-11-15 19:00:00,2022-11-15 19:00:00,230,PATK,Short Profit,55.025,52.824,84.3102810501289,10.538785131266112,10612.556627184975,0.7414863
2022-11-15 21:00:00,2022-11-15 21:00:00,240,OSUR,Short Profit,5.29,5.0784,84.9004530174797,10.612556627184974,10686.84452357527,0.717832
2022-11-16 14:00:00,2022-11-16 14:00:00,241,OSUR,Short Profit,5.27,5.0592,85.49475618860212,10.686844523575271,10761.652435240296,0.74666274
2022-11-22 12:00:00,2022-11-22 12:00:00,266,MMS,Long Profit,65.05,67.652,86.0932194819225,10.761652435240297,10836.984002286978,0.74164104
2022-11-22 14:00:00,2022-11-22 14:00:00,268,MMS,Long Profit,65.33,67.9432,86.69587201829604,10.836984002286979,10912.842890302987,0.77652156
2022-11-22 15:00:00,2022-11-22 15:00:00,269,MMS,Long Profit,66.5,69.16,87.30274312242379,10.912842890302988,10989.232790535109,0.8002448
2022-11-22 16:00:00,2022-11-22 16:00:00,270,MMS,Long Profit,67.07,69.7528,87.91386232428088,10.989232790535109,11066.157420068854,0.8295957
2022-10-25 16:00:00,2022-12-07 20:00:00,104,CVCO,Short Timeout,229.79,232.63,-25.51876906058497,10.323869616957415,11030.314781391311,0.72233915
2022-12-13 14:00:00,2022-12-13 14:00:00,375,PATK,Short Stop Loss,59.52,60.1152,-22.060629562782562,11.030314781391311,10997.223837047137,0.7319751
2022-11-23 21:00:00,2023-01-10 16:00:00,281,PATK,Short Timeout,55.22,54.02,48.09630171706838,11.066157420068855,11034.253981344136,0.7280454
2022-11-25 14:00:00,2023-01-10 17:00:00,282,PATK,Short Timeout,55.1399,55.185,-1.8102452113448193,11.066157420068855,11021.377578712723,0.71116805
2022-11-25 15:00:00,2023-01-10 18:00:00,283,PATK,Short Timeout,55.115,55.46,-13.85402997341465,11.066157420068855,10996.45739131924,0.71786416
2023-01-11 20:00:00,2023-01-11 20:00:00,529,CVCO,Short Stop Loss,251.06,253.5706,-21.99291478263858,10.996457391319241,10963.468019145283,0.73376137
2023-01-12 21:00:00,2023-01-12 21:00:00,539,LANC,Long Stop Loss,195.86,193.90140000000002,-21.92693603829045,10.963468019145282,10930.577615087846,0.70175785
2023-01-17 18:00:00,2023-01-17 18:00:00,551,CVCO,Long Stop Loss,260.96,258.3504,-21.8611552301757,10.930577615087849,10897.785882242582,0.77975214
2023-01-17 19:00:00,2023-01-17 19:00:00,552,CVCO,Long Stop Loss,262.29,259.6671,-21.795571764485295,10.897785882242584,10865.092524595855,0.7028387
2023-01-18 16:00:00,2023-01-18 16:00:00,557,CVCO,Long Stop Loss,262.38,259.7562,-21.73018504919185,10.865092524595855,10832.497247022067,0.74194235
2023-01-18 19:00:00,2023-01-18 19:00:00,560,CVCO,Long Stop Loss,251.52,249.00480000000002,-21.664994494044077,10.832497247022069,10799.999755281002,0.7015432
2023-01-12 21:00:00,2023-01-12 21:00:00,561,OSUR,Short Profit,5.27,5.0592,86.39999804224799,10.799999755281004,10875.599753567969,0.71196496
2023-01-18 21:00:00,2023-01-18 21:00:00,562,CVCO,Long Stop Loss,254.94,252.3906,-21.75119950713587,10.87559975356797,10842.972954307264,0.7715191
2023-01-19 14:00:00,2023-01-19 14:00:00,563,CVCO,Long Stop Loss,251.74,249.2226,-21.68594590861461,10.842972954307266,10810.444035444343,0.7249639
2023-01-18 21:00:00,2023-01-18 21:00:00,563,LANC,Long Stop Loss,192.87,190.9413,-21.685945908614443,10.842972954307266,10777.915116581422,0.7057527
2023-01-19 15:00:00,2023-01-19 15:00:00,564,CVCO,Long Profit,250.23,260.2392,86.22332093265133,10.777915116581424,10853.360522397492,0.7027383
2023-01-19 14:00:00,2023-01-19 14:00:00,564,LANC,Long Stop Loss,193.26,191.32739999999998,-21.555830233162936,10.777915116581424,10821.026777047748,0.7200254
2023-01-19 16:00:00,2023-01-19 16:00:00,565,CVCO,Long Profit,250.27,260.2808,86.56821421638188,10.821026777047749,10896.773964487082,0.81299293
2023-01-19 17:00:00,2023-01-19 17:00:00,566,CVCO,Long Stop Loss,251.86,249.34140000000002,-21.793547928974096,10.896773964487082,10864.083642593621,0.7582572
2023-01-19 18:00:00,2023-01-19 18:00:00,567,CVCO,Long Stop Loss,252.985,250.45515,-21.72816728518733,10.864083642593622,10831.49139166584,0.71020573
2023-01-19 19:00:00,2023-01-19 19:00:00,568,CVCO,Long Stop Loss,254.0033,251.463267,-21.66298278333163,10.83149139166584,10798.996917490844,0.74102485
2023-01-19 20:00:00,2023-01-19 20:00:00,569,CVCO,Long Profit,249.65,259.636,86.39197533992692,10.798996917490845,10874.58989591328,0.7064853
2023-01-19 21:00:00,2023-01-19 21:00:00,570,CVCO,Long Profit,250.3,260.312,86.99671916730624,10.87458989591328,10950.712025184672,0.7098101
2023-01-20 14:00:00,2023-01-20 14:00:00,571,CVCO,Long Profit,248.995,258.95480000000003,87.60569620147764,10.950712025184673,11027.367009360965,0.7052436
2022-12-13 13:00:00,2023-01-26 21:00:00,379,MMS,Short Timeout,73.44,71.65,53.608471318938705,10.99722383704714,11069.978256842856,0.70637244
2023-01-30 20:00:00,2023-01-30 20:00:00,625,CVCO,Long Profit,259.93,270.3272,88.55982605474284,11.069978256842857,11147.468104640757,0.74117297
2023-01-30 21:00:00,2023-01-30 21:00:00,626,CVCO,Long Profit,259.67,270.0568,89.179744837126,11.147468104640756,11225.500381373242,0.7453502
2023-01-31 17:00:00,2023-01-31 17:00:00,630,CVCO,Long Profit,265.675,276.302,89.80400305098601,11.225500381373243,11304.078884042854,0.79387283
2023-02-03 14:00:00,2023-02-03 14:00:00,651,CVCO,Short Profit,286.7,275.23199999999997,90.43263107234297,11.304078884042854,11383.207436231154,0.7352811
2023-01-19 15:00:00,2023-03-02 20:00:00,565,LANC,Long Timeout,191.28,190.5,-8.825178676387763,10.821026777047749,11363.56123077772,0.7479275
2023-01-20 00:00:00,2023-03-03 20:00:00,573,LANC,Long Timeout,192.0,191.53,-5.39881509833296,11.027367009360967,11347.135048670025,0.71181494
2023-01-20 17:00:00,2023-03-06 17:00:00,574,CVCO,Long Timeout,252.6,258.815,54.263726019935426,11.027367009360967,11390.371407680599,0.7431682
2023-02-03 21:00:00,2023-03-20 18:00:00,662,LANC,Short Timeout,186.28,187.455,-14.360391601429823,11.383207436231155,11364.627808642937,0.7432794
2023-03-22 19:00:00,2023-03-22 19:00:00,923,AIR,Long Stop Loss,55.26,54.7074,-22.7292556172858,11.364627808642938,11330.533925217009,0.71952724
2023-03-24 17:00:00,2023-03-24 17:00:00,927,CVCO,Long Profit,288.0,299.52,90.64427140173594,11.33053392521701,11409.847662693528,0.7091407
2023-03-29 15:00:00,2023-03-29 15:00:00,955,LANC,Short Stop Loss,200.08,202.0808,-22.819695325387034,11.409847662693528,11375.618119705447,0.7835125
2023-03-31 14:00:00,2023-03-31 14:00:00,963,CVCO,Short Stop Loss,312.47,315.59470000000005,-22.75123623941103,11.375618119705448,11341.49126534633,0.7889993
2023-03-31 15:00:00,2023-03-31 15:00:00,964,CVCO,Short Stop Loss,314.2634,317.406034,-22.682982530692566,11.341491265346331,11307.466791550292,0.71591157
2023-03-31 16:00:00,2023-03-31 16:00:00,965,CVCO,Short Stop Loss,314.2,317.342,-22.61493358310056,11.307466791550294,11273.544391175641,0.70279974
2023-04-04 16:00:00,2023-04-04 16:00:00,981,CVCO,Long Stop Loss,305.72,302.6628,-22.54708878235145,11.273544391175642,11239.723758002114,0.7104514
2023-04-05 13:00:00,2023-04-05 13:00:00,986,CVCO,Short Profit,299.5,287.52,89.91779006401705,11.239723758002114,11318.401824308128,0.7212225
2023-04-05 16:00:00,2023-04-05 16:00:00,988,CVCO,Short Profit,295.385,283.5696,90.5472145944651,11.318401824308127,11397.630637078286,0.7002921
2023-04-06 15:00:00,2023-04-06 15:00:00,995,CVCO,Long Profit,276.99,288.06960000000004,91.18104509662652,11.397630637078286,11477.414051537835,0.7115276
2023-04-06 16:00:00,2023-04-06 16:00:00,996,CVCO,Long Profit,276.31,287.36240000000004,91.81931241230296,11.477414051537835,11557.7559498986,0.70568377
2023-04-05 15:00:00,2023-04-05 15:00:00,1006,BXC,Long Profit,62.06,64.5424,92.46204759918872,11.5577559498986,11638.66024154789,0.72282517
2023-04-05 16:00:00,2023-04-05 16:00:00,1007,BXC,Long Profit,62.01,64.4904,93.10928193238298,11.63866024154789,11720.130863238724,0.7419396
2023-03-29 19:00:00,2023-05-11 19:00:00,959,LANC,Long Timeout,199.6,205.65,68.96041044510831,11.375618119705448,11777.715655564127,0.7065733
2023-03-30 14:00:00,2023-05-12 14:00:00,962,LANC,Long Timeout,199.67,206.915,82.55256500953176,11.375618119705448,11848.892602453952,0.7399222
2023-03-30 15:00:00,2023-05-12 15:00:00,963,LANC,Long Timeout,199.65,204.76,58.2313133901274,11.375618119705448,11895.748297724374,0.73484915
2023-05-19 13:00:00,2023-05-19 13:00:00,1232,CVCO,Long Stop Loss,260.01,257.4099,-23.791496595448727,11.895748297724374,11860.0610528312,0.80192226
2023-05-19 15:00:00,2023-05-19 15:00:00,1234,CVCO,Long Stop Loss,258.94,256.3506,-23.72012210566251,11.860061052831202,11824.480869672707,0.70434207
2023-05-19 16:00:00,2023-05-19 16:00:00,1235,CVCO,Long Profit,254.44,264.6176,94.59584695738151,11.824480869672707,11907.252235760416,0.7219578
2023-05-22 18:00:00,2023-05-22 18:00:00,1245,CVCO,Short Profit,283.9,272.544,95.2580178860833,11.907252235760415,11990.603001410738,0.76697123
2023-05-22 19:00:00,2023-05-22 19:00:00,1246,CVCO,Short Profit,284.06,272.69759999999997,95.9248240112862,11.990603001410738,12074.537222420613,0.73884
2023-04-11 16:00:00,2023-05-23 17:00:00,1012,CVCO,Long Timeout,288.44,287.12,-10.727064720201803,11.720130863238726,12052.090026837173,0.77736664
2023-04-24 19:00:00,2023-04-24 19:00:00,1255,HLIT,Short Profit,14.32,13.7472,96.41672021469753,12.052090026837176,12136.454657025033,0.84881914
2023-04-24 20:00:00,2023-04-24 20:00:00,1256,HLIT,Short Profit,14.31,13.7376,97.09163725620027,12.136454657025034,12221.409839624208,0.78797096
2023-04-25 13:00:00,2023-04-25 13:00:00,1257,HLIT,Short Profit,14.165,13.598399999999998,97.77127871699386,12.22140983962421,12306.959708501578,0.80391854
2023-04-25 16:00:00,2023-04-25 16:00:00,1260,HLIT,Long Stop Loss,13.955,13.81545,-24.613919417003128,12.30695970850158,12270.038829376073,0.7085224
2023-04-25 17:00:00,2023-04-25 17:00:00,1261,HLIT,Long Stop Loss,13.895,13.75605,-24.540077658752054,12.270038829376075,12233.228712887945,0.7380241
2023-04-25 18:00:00,2023-04-25 18:00:00,1262,HLIT,Long Stop Loss,13.87,13.7313,-24.466457425775904,12.233228712887946,12196.529026749282,0.7323848
2023-05-22 19:00:00,2023-05-22 19:00:00,1268,BXC,Long Stop Loss,83.49,82.65509999999999,-24.393058053498702,12.196529026749284,12159.939439669033,0.71076894
2023-06-01 19:00:00,2023-06-01 19:00:00,1302,CVCO,Short Stop Loss,258.1,260.68100000000004,-24.319878879338226,12.159939439669033,12123.459621350026,0.76342
2023-06-01 20:00:00,2023-06-01 20:00:00,1303,CVCO,Short Stop Loss,258.52,261.10519999999997,-24.246919242699924,12.123459621350028,12087.089242485976,0.8314645
2023-05-15 21:00:00,2023-05-15 21:00:00,1304,OSUR,Long Stop Loss,5.31,5.2569,-24.17417848497182,12.087089242485977,12050.827974758518,0.77787054
2023-05-16 11:00:00,2023-05-16 11:00:00,1305,OSUR,Short Stop Loss,5.31,5.363099999999999,-24.101655949516907,12.05082797475852,12014.675490834243,0.71759766
2023-06-02 16:00:00,2023-06-02 16:00:00,1307,CVCO,Long Stop Loss,268.0,265.32,-24.02935098166855,12.014675490834243,11978.63146436174,0.75556165
2023-06-02 17:00:00,2023-06-02 17:00:00,1308,CVCO,Short Stop Loss,270.61,273.3161,-23.95726292872341,11.97863146436174,11942.695569968655,0.7268804
2023-05-16 14:00:00,2023-05-16 14:00:00,1308,OSUR,Short Stop Loss,5.325,5.37825,-23.95726292872359,11.97863146436174,11906.75967557557,0.72602236
2023-06-02 18:00:00,2023-06-02 18:00:00,1309,CVCO,Short Stop Loss,269.85,272.54850000000005,-23.81351935115135,11.90675967557557,11871.039396548842,0.7660066
2023-05-16 16:00:00,2023-05-16 16:00:00,1310,OSUR,Long Stop Loss,5.315,5.26185,-23.742078793097896,11.871039396548843,11835.426278359195,0.76913744
2023-05-16 20:00:00,2023-05-16 20:00:00,1314,OSUR,Long Profit,5.2,5.408,94.68341022687365,11.835426278359195,11918.27426230771,0.7682951
2023-06-02 13:00:00,2023-06-02 13:00:00,1316,PATK,Long Profit,69.48,72.2592,95.3461940984618,11.918274262307712,12001.702182143865,0.79682773
2023-05-15 19:00:00,2023-06-28 19:00:00,1215,LANC,Short Timeout,213.11,208.46,51.91237350140153,11.895748297724374,12041.718807347543,0.7244511
2023-07-05 14:00:00,2023-07-05 14:00:00,1479,LANC,Short Profit,200.12,192.1152,96.33375045878054,12.041718807347543,12126.010838998976,0.725951
2023-07-06 19:00:00,2023-07-06 19:00:00,1480,CVCO,Long Stop Loss,271.68,268.96320000000003,-24.252021677997757,12.126010838998978,12089.632806481979,0.70247287
2023-05-22 17:00:00,2023-07-07 15:00:00,1244,CVCO,Short Timeout,284.31,272.1,102.27396137922298,11.907252235760415,12179.99951562544,0.74474514
2023-07-06 13:00:00,2023-07-06 13:00:00,1486,LANC,Short Profit,198.91,190.9536,97.43999612500356,12.179999515625441,12265.25951223482,0.74049354
2023-07-06 14:00:00,2023-07-06 14:00:00,1487,LANC,Short Profit,197.13,189.2448,98.12207609787853,12.26525951223482,12351.116328820463,0.7329136
2023-06-01 20:00:00,2023-07-18 15:00:00,1312,LANC,Long Timeout,196.98,198.87,22.711905438216117,11.835426278359195,12361.99280798032,0.7084979
2023-05-17 13:00:00,2023-06-28 13:00:00,1316,OSUR,Long Timeout,5.295,5.435,63.02392433326066,11.918274262307712,12413.098458051272,0.7967906
2023-07-18 20:00:00,2023-07-18 20:00:00,1583,RDNT,Short Stop Loss,34.06,34.400600000000004,-24.826196916102692,12.413098458051273,12375.859162677118,0.7365136
2023-07-11 19:00:00,2023-08-22 17:00:00,1526,MMS,Long Timeout,86.98,86.72,-7.383973891684026,12.351116328820464,12356.124072456612,0.7131068
2023-08-03 20:00:00,2023-08-03 20:00:00,1767,OSUR,Short Stop Loss,4.86,4.908600000000001,-24.71224814491344,12.356124072456614,12319.055700239242,0.7140044
2023-08-04 18:00:00,2023-08-04 18:00:00,1776,OSUR,Short Stop Loss,5.95,6.0095,-24.638111400478437,12.319055700239241,12282.098533138524,0.7430984
2023-08-04 19:00:00,2023-08-04 19:00:00,1777,OSUR,Short Stop Loss,5.9301,5.989401000000001,-24.56419706627725,12.282098533138523,12245.252237539107,0.7615619
2023-08-04 20:00:00,2023-08-04 20:00:00,1778,OSUR,Short Stop Loss,5.93,5.9893,-24.49050447507836,12.245252237539107,12208.516480826489,0.7350428
2023-07-14 20:00:00,2023-08-25 19:00:00,1541,LANC,Long Timeout,187.26,191.38,54.34860544135466,12.351116328820464,12250.513969939024,0.7149993
2023-08-30 16:00:00,2023-08-30 16:00:00,1788,CVCO,Short Stop Loss,286.1,288.961,-24.50102793987796,12.250513969939025,12213.762428029208,0.70911086
2023-08-30 18:00:00,2023-08-30 18:00:00,1790,CVCO,Short Profit,288.43,276.8928,97.71009942423353,12.21376242802921,12299.258765025412,0.7058903
2023-07-27 19:00:00,2023-09-08 17:00:00,1622,MMS,Long Timeout,83.255,83.65,11.743353238262179,12.375859162677118,12298.626259100996,0.7416838
2023-07-27 20:00:00,2023-09-08 18:00:00,1623,MMS,Long Timeout,83.21,83.4,5.651756377619998,12.375859162677118,12291.902156315939,0.8133211
2023-09-08 16:00:00,2023-09-08 16:00:00,1868,AIR,Short Stop Loss,57.94,58.5194,-24.583804312631866,12.29190215631594,12255.026449846991,0.7155622
2023-08-04 12:00:00,2023-08-04 12:00:00,1883,HLIT,Short Profit,11.4195,10.96272,98.04021159877598,12.255026449846993,12340.81163499592,0.70782655
2023-08-08 11:00:00,2023-08-08 11:00:00,1902,HLIT,Short Profit,10.59,10.1664,98.72649307996747,12.340811634995921,12427.197316440892,0.7407957
2023-10-06 18:00:00,2023-10-06 18:00:00,1997,CVCO,Short Stop Loss,258.935,261.52435,-24.85439463288202,12.427197316440893,12389.91572449157,0.7394949
2023-08-28 17:00:00,2023-10-10 17:00:00,1787,LANC,Short Timeout,165.195,165.21,-0.2224736941787178,12.250513969939025,12377.442736827452,0.7187495
2023-08-29 14:00:00,2023-10-11 14:00:00,1792,LANC,Long Timeout,164.745,164.96,3.2102226282806834,12.299258765025414,12368.353700690706,0.7155583
2023-10-13 15:00:00,2023-10-13 15:00:00,2032,CVCO,Short Stop Loss,261.855,264.47355000000005,-24.75488547365516,12.377442736827453,12331.221372480224,0.7456385
2023-09-29 13:00:00,2023-11-10 14:00:00,1979,MMS,Short Timeout,75.38,72.65,90.01392590576681,12.427197316440893,12408.80810106955,0.75252396
2023-10-03 16:00:00,2023-11-14 16:00:00,2003,BXC,Long Timeout,76.545,78.8,73.00087519427379,12.389915724491571,12469.419060539332,0.7407523
2023-10-10 17:00:00,2023-11-21 15:00:00,2039,MMS,Short Timeout,77.4925,76.62,27.767824363619763,12.331221372480226,12484.855663530472,0.71922076
2023-11-29 14:00:00,2023-11-29 14:00:00,2281,CVCO,Long Profit,281.02,292.2608,99.87884530824411,12.484855663530473,12572.249653175186,0.7111154
2023-10-12 14:00:00,2023-11-22 20:00:00,2052,MMS,Long Timeout,76.3801,78.75,76.52192529373724,12.331221372480226,12636.440357096442,0.71338594
2023-11-29 16:00:00,2023-11-29 16:00:00,2302,LANC,Long Profit,163.19,169.7176,101.09152285677166,12.636440357096445,12724.895439596117,0.70198584
2023-11-30 21:00:00,2023-11-30 21:00:00,2315,LANC,Short Stop Loss,165.9,167.559,-25.44979087919211,12.72489543959612,12686.720753277328,0.7230333
2023-11-13 20:00:00,2023-12-28 15:00:00,2221,LANC,Long Timeout,167.23,166.13,-16.324450052235168,12.408808101069551,12657.987495124024,0.72592694
2023-11-17 14:00:00,2024-01-03 17:00:00,2247,LANC,Long Timeout,165.27,167.86,39.08246550105513,12.469419060539334,12684.60054156454,0.8011703
2023-11-28 14:00:00,2024-01-11 14:00:00,2292,LANC,Long Timeout,162.9,164.43,23.616380563975504,12.572249653175186,12695.64467247534,0.7283955
2024-01-19 16:00:00,2024-01-19 16:00:00,2554,CVCO,Long Profit,317.86,330.5744,101.56515737980283,12.695644672475341,12784.514185182668,0.7048454
2023-12-01 14:00:00,2024-01-17 14:00:00,2316,LANC,Long Timeout,164.78,168.73,60.82357928807538,12.68672075327733,12832.651043717466,0.709181
2024-01-22 15:00:00,2024-01-22 15:00:00,2561,CVCO,Short Stop Loss,335.01,338.3601,-25.665302087434917,12.832651043717467,12794.153090586313,0.7420176
2024-01-22 16:00:00,2024-01-22 16:00:00,2562,CVCO,Short Stop Loss,336.53,339.89529999999996,-25.58830618117256,12.794153090586315,12755.770631314554,0.76477355
2023-12-28 16:00:00,2024-02-12 14:00:00,2462,LANC,Long Timeout,164.88,166.1,18.73210182441933,12.657987495124026,12761.84474564385,0.7361662
2024-02-12 16:00:00,2024-02-12 16:00:00,2704,LANC,Long Stop Loss,191.78,189.8622,-25.523689491287698,12.76184474564385,12723.559211406919,0.7973656
2024-02-12 17:00:00,2024-02-12 17:00:00,2705,LANC,Long Stop Loss,192.605,190.67895,-25.447118422813887,12.723559211406918,12685.388533772697,0.7396854
2024-02-15 17:00:00,2024-02-15 17:00:00,2706,CVCO,Long Stop Loss,369.56,365.8644,-25.370777067545486,12.685388533772699,12647.33236817138,0.7401698
2024-02-12 18:00:00,2024-02-12 18:00:00,2706,LANC,Long Stop Loss,193.51,191.57489999999999,-25.370777067545472,12.685388533772699,12609.276202570061,0.8383643
2024-02-12 19:00:00,2024-02-12 19:00:00,2710,PATK,Short Profit,113.36,108.8256,100.8742096205606,12.609276202570063,12697.541135988053,0.72665685
2024-01-09 15:00:00,2024-02-21 21:00:00,2517,LANC,Long Timeout,164.6251,169.81,79.90079926810428,12.684600541564542,12764.757334714592,0.7236101
2024-02-22 14:00:00,2024-02-22 14:00:00,2758,LANC,Long Profit,189.88,197.4752,102.11805867771682,12.764757334714593,12854.110636057594,0.75272775
2024-02-20 16:00:00,2024-02-20 16:00:00,2760,MMS,Short Stop Loss,82.51,83.33510000000001,-25.70822127211538,12.854110636057595,12815.54830414942,0.82342476
2024-02-20 17:00:00,2024-02-20 17:00:00,2761,MMS,Short Stop Loss,82.31,83.1331,-25.631096608298737,12.815548304149422,12777.101659236972,0.84232885
2024-02-20 18:00:00,2024-02-20 18:00:00,2762,MMS,Short Stop Loss,81.93,82.7493,-25.554203318473895,12.777101659236974,12738.77035425926,0.7589811
2024-02-20 17:00:00,2024-02-20 17:00:00,2794,AIR,Long Stop Loss,67.19,66.5181,-25.477540708518283,12.73877035425926,12700.554043196484,0.8720206
2024-02-20 18:00:00,2024-02-20 18:00:00,2795,AIR,Long Stop Loss,67.35,66.67649999999999,-25.40110808639313,12.700554043196485,12662.452381066894,0.7022942
2024-01-17 14:00:00,2024-02-28 20:00:00,2556,LANC,Long Timeout,171.26,172.69,21.349825160354204,12.78451418518267,12671.017692042065,0.7404977
2024-01-18 14:00:00,2024-02-29 20:00:00,2564,LANC,Long Timeout,170.26,175.54,79.1148466267366,12.755770631314554,12737.376768037488,0.73340195
2024-02-09 15:00:00,2024-03-25 14:00:00,2711,MMS,Long Timeout,80.93,81.23,9.413721341397206,12.697541135988054,12734.092948242896,0.7002331
2024-03-07 16:00:00,2024-04-19 15:00:00,2817,CVCO,Short Timeout,373.985,369.0,33.956347547985644,12.737376768037489,12755.311919022844,0.70960987
2024-01-05 17:00:00,2024-02-15 18:00:00,2822,HLIT,Long Timeout,12.455,12.485,6.136030558669073,12.737376768037489,12748.710572813476,0.70261383
2024-02-21 18:00:00,2024-03-28 20:00:00,2823,RDNT,Long Timeout,38.04,38.87,55.58371565442215,12.737376768037489,12791.55691169986,0.7734454
2024-04-19 15:00:00,2024-04-19 15:00:00,3080,LANC,Short Stop Loss,186.8,188.668,-25.58311382339965,12.79155691169986,12753.18224096476,0.7444648
2024-04-19 16:00:00,2024-04-19 16:00:00,3081,LANC,Short Stop Loss,187.02,188.89020000000002,-25.506364481929673,12.753182240964762,12714.922694241865,0.77011174
2024-04-19 18:00:00,2024-04-19 18:00:00,3083,LANC,Short Stop Loss,185.825,187.68325,-25.42984538848371,12.714922694241865,12676.777926159139,0.71337533
2024-04-24 19:00:00,2024-04-24 19:00:00,3085,CVCO,Long Stop Loss,366.96,363.2904,-25.353555852318294,12.676777926159138,12638.747592380661,0.7025908
2024-04-25 14:00:00,2024-04-25 14:00:00,3088,CVCO,Long Profit,358.82,373.1728,101.10998073904531,12.638747592380662,12727.218825527327,0.7237583
2024-04-22 16:00:00,2024-04-22 16:00:00,3089,LANC,Short Stop Loss,186.32,188.1832,-25.45443765105474,12.727218825527327,12689.037169050745,0.7331826
2024-04-22 14:00:00,2024-04-22 14:00:00,3093,PATK,Short Stop Loss,104.691,105.73791,-25.378074338101417,12.689037169050746,12650.970057543593,0.7157915
2024-04-23 18:00:00,2024-04-23 18:00:00,3099,LANC,Short Stop Loss,187.27,189.14270000000002,-25.301940115087305,12.650970057543594,12613.017147370962,0.7230628
2024-04-22 18:00:00,2024-04-22 18:00:00,3109,BXC,Short Stop Loss,111.005,112.11505,-25.226034294741954,12.613017147370963,12575.178095928848,0.7369751
2024-05-02 20:00:00,2024-05-02 20:00:00,3132,CVCO,Long Profit,372.02,386.9008,100.60142476743096,12.57517809592885,12663.20434260035,0.73445445
2024-04-29 14:00:00,2024-04-29 14:00:00,3133,PATK,Long Stop Loss,106.24,105.1776,-25.326408685200622,12.66320434260035,12625.214729572548,0.7479556
2024-04-25 14:00:00,2024-04-25 14:00:00,3164,ANDE,Long Profit,55.5,57.72,101.00171783658034,12.62521472957255,12713.591232679555,0.7296083
2024-03-27 15:00:00,2024-03-27 15:00:00,3165,OSUR,Short Stop Loss,6.175,6.23675,-25.4271824653591,12.713591232679555,12675.450458981517,0.700845
2024-05-03 19:00:00,2024-05-03 19:00:00,3170,PATK,Short Stop Loss,111.27,112.3827,-25.350900917963124,12.675450458981517,12637.424107604573,0.7544937
2024-04-24 17:00:00,2024-04-24 17:00:00,3171,AIR,Short Stop Loss,67.93,68.6093,-25.274848215209065,12.637424107604575,12599.511835281759,0.71491885
2024-04-25 13:00:00,2024-04-25 13:00:00,3175,AIR,Short Stop Loss,66.88,67.5488,-25.19902367056369,12.59951183528176,12561.713299775913,0.7096191
2024-05-13 13:00:00,2024-05-13 13:00:00,3181,CVCO,Short Stop Loss,379.5,383.295,-25.12342659955193,12.561713299775914,12524.028159876585,0.7578369
2024-05-13 14:00:00,2024-05-13 14:00:00,3182,CVCO,Short Stop Loss,377.34,381.11339999999996,-25.048056319753048,12.524028159876586,12486.456075396956,0.7034669
2024-04-02 17:00:00,2024-05-14 19:00:00,2955,CVCO,Long Timeout,371.175,380.69,65.28720652119942,12.734092948242896,12539.009188969912,0.71516305
2024-05-15 13:00:00,2024-05-15 13:00:00,3197,CVCO,Short Stop Loss,379.55,383.3455,-25.078018377939852,12.539009188969914,12501.392161403002,0.72553337
2024-05-20 16:00:00,2024-05-20 16:00:00,3224,CVCO,Short Profit,383.64,368.2944,100.01113729122396,12.501392161403004,12588.901906532823,0.7284951
2024-05-22 14:00:00,2024-05-22 14:00:00,3238,CVCO,Long Stop Loss,345.64,342.18359999999996,-25.17780381306587,12.588901906532824,12551.135200813223,0.80235815
2024-05-23 20:00:00,2024-05-23 20:00:00,3252,CVCO,Short Profit,354.47,340.2912,100.40908160650595,12.551135200813224,12638.993147218916,0.7813548
2024-04-22 17:00:00,2024-06-04 17:00:00,3090,LANC,Short Timeout,187.7419,188.23,-6.5979081304852105,12.689037169050746,12619.70620191938,0.7306676
2024-04-23 17:00:00,2024-06-05 17:00:00,3098,LANC,Short Timeout,188.51,188.18,4.4292823924345495,12.650970057543594,12611.48451425427,0.7439712
2024-06-12 14:00:00,2024-06-12 14:00:00,3349,CVCO,Short Profit,365.36,350.7456,100.89187611403408,12.611484514254272,12699.76490585405,0.77265847
2024-06-13 15:00:00,2024-06-13 15:00:00,3358,CVCO,Long Stop Loss,354.85,351.30150000000003,-25.399529811708028,12.699764905854051,12661.665611136488,0.70038897
2024-06-13 16:00:00,2024-06-13 16:00:00,3359,CVCO,Long Stop Loss,353.27,349.7373,-25.323331222272817,12.661665611136488,12623.680614303079,0.8781103
2024-06-13 17:00:00,2024-06-13 17:00:00,3360,CVCO,Long Stop Loss,353.95,350.4105,-25.247361228605985,12.62368061430308,12585.80957246017,0.85739666
2024-06-10 13:00:00,2024-06-10 13:00:00,3368,PATK,Long Stop Loss,105.06,104.0094,-25.171619144920406,12.585809572460171,12548.052143742789,0.7083872
2024-06-17 15:00:00,2024-06-17 15:00:00,3374,CVCO,Short Stop Loss,349.64,353.1364,-25.096104287485538,12.548052143742789,12510.40798731156,0.7203735
2024-06-11 13:00:00,2024-06-11 13:00:00,3376,PATK,Long Profit,102.875,106.99000000000001,100.08326389849272,12.510407987311563,12597.980843222742,0.70598423
2024-06-11 14:00:00,2024-06-11 14:00:00,3377,PATK,Long Profit,102.87,106.9848,100.783846745782,12.597980843222743,12686.1667091253,0.70821553
2024-06-12 14:00:00,2024-06-12 14:00:00,3385,PATK,Short Profit,108.895,104.5392,101.48933367300246,12.6861667091253,12774.969876089177,0.71439993
2024-04-11 14:00:00,2024-04-11 14:00:00,3397,HLIT,Long Profit,10.56,10.9824,102.19975900871334,12.774969876089179,12864.394665221802,0.7615494
2024-06-12 14:00:00,2024-06-12 14:00:00,3397,BXC,Short Profit,102.81,98.6976,102.19975900871363,12.774969876089179,12953.819454354427,0.71543443
2024-04-11 15:00:00,2024-04-11 15:00:00,3398,HLIT,Long Stop Loss,10.86,10.751399999999999,-25.907638908709075,12.953819454354427,12914.957995991363,0.7383643
2024-05-10 19:00:00,2024-06-25 14:00:00,3222,MMS,Long Timeout,84.69,87.02,68.78791766694764,12.501392161403004,12971.244521496907,0.739497
2024-07-08 15:00:00,2024-07-08 15:00:00,3473,CVCO,Long Profit,340.54,354.1616,103.76995617197527,12.971244521496908,13062.043233147386,0.7002035
2024-07-08 20:00:00,2024-07-08 20:00:00,3478,CVCO,Long Profit,344.4,358.176,104.4963458651792,13.062043233147389,13153.477535779417,0.72722375
2024-05-20 20:00:00,2024-07-05 13:00:00,3253,LANC,Short Timeout,192.07,186.69,70.80520969650411,12.638993147218917,13211.643752328702,0.7825579
2024-06-13 16:00:00,2024-06-13 16:00:00,3513,RDNT,Long Stop Loss,58.48,57.895199999999996,-26.423287504657466,13.211643752328703,13172.008821071717,0.7006207
2024-04-30 13:00:00,2024-04-30 13:00:00,3516,HLIT,Short Stop Loss,10.95,11.0595,-26.344017642143584,13.172008821071717,13132.4927946085,0.7494118
2024-07-05 15:00:00,2024-07-05 15:00:00,3517,MMS,Long Stop Loss,84.95,84.1005,-26.26498558921719,13.132492794608503,13093.095316224675,0.7164674
2024-05-28 16:00:00,2024-05-28 16:00:00,3521,OSUR,Short Profit,4.835,4.6415999999999995,104.74476252979767,13.093095316224677,13184.746983438248,0.73382735
2024-06-10 14:00:00,2024-07-24 15:00:00,3359,LANC,Long Timeout,185.17,185.0,-2.3248724457450396,12.661665611136488,13169.760445381367,0.7710035
2024-07-19 19:00:00,2024-07-19 19:00:00,3601,BXC,Long Profit,113.4,117.936,105.35808356305097,13.16976044538137,13261.948768499036,0.70491654
2024-07-30 16:00:00,2024-07-30 16:00:00,3602,CVCO,Short Stop Loss,417.13,421.3013,-26.52389753699827,13.261948768499037,13222.162922193538,0.7181057
2024-07-30 17:00:00,2024-07-30 17:00:00,3603,CVCO,Short Stop Loss,420.145,424.34645,-26.44432584438722,13.222162922193538,13182.496433426957,0.7849275
2024-07-30 19:00:00,2024-07-30 19:00:00,3605,CVCO,Short Stop Loss,420.295,424.49795,-26.364992866853836,13.182496433426959,13142.948944126676,0.7191001
2024-07-31 14:00:00,2024-07-31 14:00:00,3608,CVCO,Short Stop Loss,416.5125,420.677625,-26.285897888253285,13.142948944126676,13103.520097294297,0.74534976
2024-07-31 15:00:00,2024-07-31 15:00:00,3609,CVCO,Short Stop Loss,420.97,425.1797,-26.207040194588583,13.103520097294297,13064.209537002414,0.7350192
2024-07-26 15:00:00,2024-07-26 15:00:00,3615,LANC,Long Profit,184.87,192.2648,104.51367629601938,13.064209537002416,13155.659003761431,0.75070196
2024-07-26 16:00:00,2024-07-26 16:00:00,3616,LANC,Long Profit,185.82,193.2528,105.24527203009166,13.155659003761432,13247.748616787761,0.747233
2024-08-01 16:00:00,2024-08-01 16:00:00,3618,CVCO,Short Profit,400.96,384.92159999999996,105.98198893430227,13.247748616787762,13340.482857105277,0.7637389
2024-08-02 13:00:00,2024-08-02 13:00:00,3623,CVCO,Long Stop Loss,383.0,379.17,-26.680965714210444,13.340482857105279,13300.461408533962,0.7256472
2024-08-02 15:00:00,2024-08-02 15:00:00,3625,CVCO,Long Stop Loss,383.55,379.7145,-26.6009228170681,13.300461408533963,13260.560024308359,0.7278902
2024-07-30 13:00:00,2024-07-30 13:00:00,3629,LANC,Long Profit,186.715,194.1836,106.08448019446702,13.260560024308361,13353.383944478517,0.73322165
2024-08-05 13:00:00,2024-08-05 13:00:00,3631,CVCO,Long Profit,360.27,374.6808,106.82707155582811,13.35338394447852,13446.857632089866,0.7754156
2024-06-25 20:00:00,2024-08-08 17:00:00,3419,CVCO,Long Timeout,343.88,338.74,-38.60816802337759,12.914957995991363,13395.334506070498,0.72932965
2024-08-09 17:00:00,2024-08-09 17:00:00,3667,CVCO,Short Stop Loss,370.38,374.0838,-26.790669012141006,13.3953345060705,13355.148502552287,0.7531173
2024-07-23 13:00:00,2024-07-23 13:00:00,3669,AIR,Long Stop Loss,67.795,67.11705,-26.7102970051044,13.355148502552288,13315.08305704463,0.70812684
2024-07-10 17:00:00,2024-08-21 17:00:00,3521,LANC,Long Timeout,182.26,186.57,61.9238898419054,13.093095316224677,13363.91385157031,0.7335168
2024-07-10 19:00:00,2024-08-21 19:00:00,3523,LANC,Long Timeout,183.11,185.87,39.746493008890226,13.184746983438249,13390.475597595763,0.8076327
2024-07-11 13:00:00,2024-07-11 13:00:00,3767,OSUR,Short Stop Loss,4.355,4.39855,-26.780951195191374,13.390475597595765,13350.304170802976,0.7115023
2024-08-05 14:00:00,2024-09-17 14:00:00,3632,CVCO,Long Timeout,364.25,363.37,-6.497314875079765,13.446857632089868,13330.359998295806,0.79268396
2024-09-17 17:00:00,2024-09-17 17:00:00,3875,CVCO,Long Profit,426.91,443.98640000000006,106.64287998636667,13.330359998295808,13423.672518283876,0.7165073
2024-08-07 14:00:00,2024-09-19 14:00:00,3678,LANC,Short Timeout,192.51,189.905,36.035313867956084,13.315083057044632,13446.392749094788,0.71482116
2024-08-22 14:00:00,2024-10-03 20:00:00,3766,LANC,Short Timeout,177.14,169.875,109.83606776169476,13.390475597595765,13542.838341258886,0.72136796
2024-08-22 15:00:00,2024-10-04 13:00:00,3767,LANC,Long Timeout,170.5,170.02,-7.539505321813291,13.390475597595765,13521.908360339477,0.7717144
2024-10-04 15:00:00,2024-10-04 15:00:00,4009,LANC,Short Stop Loss,177.07,178.8407,-27.043816720679036,13.521908360339479,13481.34263525846,0.80272436
2024-10-04 16:00:00,2024-10-04 16:00:00,4010,LANC,Short Stop Loss,178.13,179.91129999999998,-26.96268527051673,13.48134263525846,13440.898607352685,0.7925925
2024-10-04 19:00:00,2024-10-04 19:00:00,4013,LANC,Short Stop Loss,176.791,178.55891,-26.88179721470538,13.440898607352686,13400.575911530626,0.7580849
2024-10-11 20:00:00,2024-10-11 20:00:00,4026,CVCO,Short Stop Loss,422.17,426.3917,-26.801151823061247,13.400575911530627,13360.374183796035,0.72717726
2024-10-14 12:00:00,2024-10-14 12:00:00,4028,CVCO,Short Stop Loss,423.49,427.7249,-26.72074836759196,13.360374183796036,13320.293061244647,0.8275969
2024-10-14 13:00:00,2024-10-14 13:00:00,4029,CVCO,Short Stop Loss,422.62,426.8462,-26.64058612248933,13.320293061244648,13280.332182060913,0.7644556
2024-09-12 18:00:00,2024-10-24 16:00:00,3882,LANC,Long Timeout,176.59,179.6,45.76165613005759,13.423672518283878,13312.670165672685,0.70357156
2024-09-27 14:00:00,2024-11-06 17:00:00,3936,CVCO,Short Timeout,440.05,434.575,33.45937975288911,13.44639274909479,13332.68315267648,0.89290816
2024-11-04 16:00:00,2024-11-04 16:00:00,4177,LANC,Long Profit,184.875,192.27,106.661465221412,13.332683152676482,13426.011934745215,0.84607905
2024-10-15 18:00:00,2024-11-25 14:00:00,4042,CVCO,Long Timeout,440.87,451.09,61.57143597916036,13.280332182060913,13474.303038542314,0.71227586
2024-10-10 16:00:00,2024-11-21 14:00:00,4042,LANC,Long Timeout,175.48,181.025,83.9291565415181,13.280332182060913,13544.951862901771,0.79444534
2024-11-25 15:00:00,2024-11-25 15:00:00,4283,CVCO,Short Profit,542.31,520.6175999999999,108.35961490321428,13.54495186290177,13639.766525942083,0.714988
2024-10-24 18:00:00,2024-12-06 19:00:00,4124,LANC,Long Timeout,176.34,182.79,97.3876857985581,13.312670165672687,13723.841541574968,0.7324103
2024-10-24 13:00:00,2024-12-05 16:00:00,4178,ANDE,Long Timeout,46.195,46.85,38.07354829422289,13.426011934745215,13748.489077934446,0.7946788
2024-11-25 16:00:00,2025-01-10 18:00:00,4284,CVCO,Short Timeout,534.11,514.72,99.03393418509926,13.639766525942084,13833.883245593603,0.77174485
2024-11-25 17:00:00,2025-01-10 19:00:00,4285,CVCO,Short Timeout,530.57,514.5,82.62474247390163,13.639766525942084,13902.868221541563,0.7399836
2024-11-14 17:00:00,2024-12-23 21:00:00,4285,MMS,Short Timeout,82.055,79.59,81.94997132763946,13.639766525942084,13971.17842634326,0.71045274
2024-10-08 14:00:00,2024-11-18 17:00:00,4285,OSUR,Short Timeout,4.13,4.04,59.446924326139744,13.639766525942084,14016.985584143458,0.72805405
2024-11-18 17:00:00,2024-11-18 17:00:00,4525,OSUR,Short Stop Loss,3.82,3.8582,-27.667766491187376,13.833883245593604,13975.483934406677,0.82063633
2024-11-18 18:00:00,2024-11-18 18:00:00,4526,OSUR,Short Stop Loss,3.805,3.8430500000000003,-27.950967868813457,13.975483934406677,13933.557482603457,0.7450622
2024-12-13 18:00:00,2024-12-13 18:00:00,4527,AIR,Long Stop Loss,63.29,62.6571,-27.867114965206888,13.933557482603458,13891.756810155646,0.7415228
2024-11-18 19:00:00,2024-11-18 19:00:00,4527,OSUR,Short Stop Loss,3.78,3.8177999999999996,-27.867114965206795,13.933557482603458,13849.956137707835,0.764114
2025-01-13 10:00:00,2025-01-13 10:00:00,4529,CVCO,Short Stop Loss,429.5,433.795,-27.699912275415773,13.849956137707837,13808.406269294712,0.7070306
2025-01-03 19:00:00,2025-01-03 19:00:00,4529,LANC,Short Profit,173.72,166.7712,110.7996491016628,13.849956137707837,13905.355962258667,0.70454574
2024-12-31 14:00:00,2024-12-31 14:00:00,4531,BXC,Short Profit,104.48,100.3008,111.24284769806958,13.905355962258668,14002.693453994478,0.7579446
2024-12-31 15:00:00,2024-12-31 15:00:00,4532,BXC,Short Profit,103.52,99.3792,112.0215476319558,14.00269345399448,14100.712308172438,0.75608903
2024-12-16 15:00:00,2024-12-16 15:00:00,4535,AIR,Short Profit,64.0,61.44,112.80569846537962,14.10071230817244,14199.417294329645,0.76061165
2024-12-16 16:00:00,2024-12-16 16:00:00,4536,AIR,Short Profit,63.87,61.3152,113.59533835463719,14.199417294329647,14298.813215389953,0.7289434
2024-11-19 18:00:00,2024-11-19 18:00:00,4536,OSUR,Short Stop Loss,3.89,3.9289,-28.398834588659245,14.199417294329647,14256.214963506964,0.74222064
2025-01-13 19:00:00,2025-01-13 19:00:00,4537,CVCO,Short Stop Loss,442.07,446.4907,-28.512429927013997,14.256214963506963,14213.446318616443,0.78870326
2025-01-13 21:00:00,2025-01-13 21:00:00,4539,CVCO,Short Stop Loss,440.73,445.13730000000004,-28.42689263723302,14.213446318616443,14170.805979660594,0.70913094
2025-01-14 12:00:00,2025-01-14 12:00:00,4541,CVCO,Short Stop Loss,443.9,448.339,-28.341611959321327,14.170805979660596,14128.293561721612,0.8424124
2025-01-14 13:00:00,2025-01-14 13:00:00,4542,CVCO,Short Stop Loss,444.0,448.44,-28.25658712344321,14.128293561721613,14085.908681036446,0.78006136
2025-01-07 11:00:00,2025-01-07 11:00:00,4542,LANC,Long Stop Loss,169.21,167.5179,-28.2565871234434,14.128293561721613,14043.52380035128,0.72982585
2025-01-14 14:00:00,2025-01-14 14:00:00,4543,CVCO,Short Stop Loss,452.0,456.52,-28.08704760070245,14.04352380035128,14001.393228950226,0.80776125
2024-12-17 21:00:00,2024-12-17 21:00:00,4549,AIR,Long Stop Loss,62.8,62.172,-28.002786457900463,14.001393228950228,13959.389049263376,0.7207432
2025-01-15 14:00:00,2025-01-15 14:00:00,4551,CVCO,Short Stop Loss,469.655,474.35155,-27.91877809852677,13.959389049263377,13917.510882115586,0.8553642
2025-01-15 15:00:00,2025-01-15 15:00:00,4552,CVCO,Short Stop Loss,468.705,473.39205,-27.83502176423117,13.917510882115588,13875.758349469239,0.8224272
2025-01-15 16:00:00,2025-01-15 16:00:00,4553,CVCO,Short Stop Loss,465.31,469.9631,-27.751516698938453,13.87575834946924,13834.131074420831,0.7087944
2025-01-15 17:00:00,2025-01-15 17:00:00,4554,CVCO,Short Stop Loss,468.14,472.8214,-27.668262148841645,13.834131074420831,13792.62868119757,0.8050543
2025-01-15 18:00:00,2025-01-15 18:00:00,4555,CVCO,Short Stop Loss,467.99,472.66990000000004,-27.58525736239533,13.79262868119757,13751.250795153977,0.7330309
2025-01-15 19:00:00,2025-01-15 19:00:00,4556,CVCO,Short Stop Loss,469.4,474.094,-27.502501590308057,13.751250795153979,13709.997042768515,0.7651659
2025-01-15 20:00:00,2025-01-15 20:00:00,4557,CVCO,Short Stop Loss,468.68,473.3668,-27.419994085537063,13.709997042768517,13668.867051640209,0.7060143
2025-01-15 21:00:00,2025-01-15 21:00:00,4558,CVCO,Short Stop Loss,468.75,473.4375,-27.337734103280418,13.668867051640209,13627.860450485288,0.7401856
2024-11-19 17:00:00,2025-01-02 16:00:00,4535,OSUR,Short Timeout,3.915,3.925,-7.203429020777594,14.10071230817244,13606.556309156338,0.7267362
2025-01-08 18:00:00,2025-02-18 17:00:00,4556,LANC,Short Timeout,169.82,168.34,23.968732984133492,13.751250795153979,13616.773791345318,0.74213696
2025-01-08 19:00:00,2025-02-18 18:00:00,4557,LANC,Short Timeout,170.425,168.22,35.47665363568109,13.709997042768517,13638.54044793823,0.726426
2024-12-02 20:00:00,2025-01-13 17:00:00,4558,RDNT,Short Timeout,82.83,78.67,137.29925615072614,13.668867051640209,13762.170837037316,0.7475545
2025-01-07 16:00:00,2025-01-07 16:00:00,4802,OSUR,Long Stop Loss,3.775,3.73725,-27.5243416740746,13.762170837037317,13720.884324526205,0.7189319
2025-02-25 16:00:00,2025-02-25 16:00:00,4803,CVCO,Short Stop Loss,532.5,537.825,-27.441768649052644,13.720884324526205,13679.721671552627,0.7076485
2025-02-25 18:00:00,2025-02-25 18:00:00,4805,CVCO,Short Stop Loss,532.269,537.59169,-27.359443343105077,13.679721671552628,13638.682506537969,0.7235683
2025-01-14 15:00:00,2025-01-14 15:00:00,4805,RDNT,Short Profit,66.61,63.9456,109.43777337242103,13.679721671552628,13734.440558238837,0.7062577
2025-02-25 20:00:00,2025-02-25 20:00:00,4807,CVCO,Short Profit,539.67,518.0831999999999,109.87552446591093,13.73444055823884,13830.58164214651,0.7581464
2025-01-14 17:00:00,2025-01-14 17:00:00,4807,RDNT,Short Profit,66.26,63.6096,109.8755244659109,13.73444055823884,13926.722726054182,0.7146294
